Filename,Modality,Vocal Channel,Statement,Repetition,Actor,Emotion,Emotional Intensity
data/Actor_01/03-01-01-01-01-01-01.wav,3,1,1,1,1,1,1
data/Actor_01/03-01-01-01-01-02-01.wav,3,1,1,2,1,1,1
data/Actor_01/03-01-01-01-02-01-01.wav,3,1,2,1,1,1,1
data/Actor_01/03-01-01-01-02-02-01.wav,3,1,2,2,1,1,1
data/Actor_01/03-01-02-01-01-01-01.wav,3,1,1,1,1,2,1
data/Actor_01/03-01-02-01-01-02-01.wav,3,1,1,2,1,2,1
data/Actor_01/03-01-02-01-02-01-01.wav,3,1,2,1,1,2,1
data/Actor_01/03-01-02-01-02-02-01.wav,3,1,2,2,1,2,1
data/Actor_01/03-01-02-02-01-01-01.wav,3,1,1,1,1,2,2
data/Actor_01/03-01-02-02-01-02-01.wav,3,1,1,2,1,2,2
data/Actor_01/03-01-02-02-02-01-01.wav,3,1,2,1,1,2,2
data/Actor_01/03-01-02-02-02-02-01.wav,3,1,2,2,1,2,2
data/Actor_01/03-01-03-01-01-01-01.wav,3,1,1,1,1,3,1
data/Actor_01/03-01-03-01-01-02-01.wav,3,1,1,2,1,3,1
data/Actor_01/03-01-03-01-02-01-01.wav,3,1,2,1,1,3,1
data/Actor_01/03-01-03-01-02-02-01.wav,3,1,2,2,1,3,1
data/Actor_01/03-01-03-02-01-01-01.wav,3,1,1,1,1,3,2
data/Actor_01/03-01-03-02-01-02-01.wav,3,1,1,2,1,3,2
data/Actor_01/03-01-03-02-02-01-01.wav,3,1,2,1,1,3,2
data/Actor_01/03-01-03-02-02-02-01.wav,3,1,2,2,1,3,2
data/Actor_01/03-01-04-01-01-01-01.wav,3,1,1,1,1,4,1
data/Actor_01/03-01-04-01-01-02-01.wav,3,1,1,2,1,4,1
data/Actor_01/03-01-04-01-02-01-01.wav,3,1,2,1,1,4,1
data/Actor_01/03-01-04-01-02-02-01.wav,3,1,2,2,1,4,1
data/Actor_01/03-01-04-02-01-01-01.wav,3,1,1,1,1,4,2
data/Actor_01/03-01-04-02-01-02-01.wav,3,1,1,2,1,4,2
data/Actor_01/03-01-04-02-02-01-01.wav,3,1,2,1,1,4,2
data/Actor_01/03-01-04-02-02-02-01.wav,3,1,2,2,1,4,2
data/Actor_01/03-01-05-01-01-01-01.wav,3,1,1,1,1,5,1
data/Actor_01/03-01-05-01-01-02-01.wav,3,1,1,2,1,5,1
data/Actor_01/03-01-05-01-02-01-01.wav,3,1,2,1,1,5,1
data/Actor_01/03-01-05-01-02-02-01.wav,3,1,2,2,1,5,1
data/Actor_01/03-01-05-02-01-01-01.wav,3,1,1,1,1,5,2
data/Actor_01/03-01-05-02-01-02-01.wav,3,1,1,2,1,5,2
data/Actor_01/03-01-05-02-02-01-01.wav,3,1,2,1,1,5,2
data/Actor_01/03-01-05-02-02-02-01.wav,3,1,2,2,1,5,2
data/Actor_01/03-01-06-01-01-01-01.wav,3,1,1,1,1,6,1
data/Actor_01/03-01-06-01-01-02-01.wav,3,1,1,2,1,6,1
data/Actor_01/03-01-06-01-02-01-01.wav,3,1,2,1,1,6,1
data/Actor_01/03-01-06-01-02-02-01.wav,3,1,2,2,1,6,1
data/Actor_01/03-01-06-02-01-01-01.wav,3,1,1,1,1,6,2
data/Actor_01/03-01-06-02-01-02-01.wav,3,1,1,2,1,6,2
data/Actor_01/03-01-06-02-02-01-01.wav,3,1,2,1,1,6,2
data/Actor_01/03-01-06-02-02-02-01.wav,3,1,2,2,1,6,2
data/Actor_01/03-01-07-01-01-01-01.wav,3,1,1,1,1,7,1
data/Actor_01/03-01-07-01-01-02-01.wav,3,1,1,2,1,7,1
data/Actor_01/03-01-07-01-02-01-01.wav,3,1,2,1,1,7,1
data/Actor_01/03-01-07-01-02-02-01.wav,3,1,2,2,1,7,1
data/Actor_01/03-01-07-02-01-01-01.wav,3,1,1,1,1,7,2
data/Actor_01/03-01-07-02-01-02-01.wav,3,1,1,2,1,7,2
data/Actor_01/03-01-07-02-02-01-01.wav,3,1,2,1,1,7,2
data/Actor_01/03-01-07-02-02-02-01.wav,3,1,2,2,1,7,2
data/Actor_01/03-01-08-01-01-01-01.wav,3,1,1,1,1,8,1
data/Actor_01/03-01-08-01-01-02-01.wav,3,1,1,2,1,8,1
data/Actor_01/03-01-08-01-02-01-01.wav,3,1,2,1,1,8,1
data/Actor_01/03-01-08-01-02-02-01.wav,3,1,2,2,1,8,1
data/Actor_01/03-01-08-02-01-01-01.wav,3,1,1,1,1,8,2
data/Actor_01/03-01-08-02-01-02-01.wav,3,1,1,2,1,8,2
data/Actor_01/03-01-08-02-02-01-01.wav,3,1,2,1,1,8,2
data/Actor_01/03-01-08-02-02-02-01.wav,3,1,2,2,1,8,2
data/Actor_02/03-01-01-01-01-01-02.wav,3,1,1,1,2,1,1
data/Actor_02/03-01-01-01-01-02-02.wav,3,1,1,2,2,1,1
data/Actor_02/03-01-01-01-02-01-02.wav,3,1,2,1,2,1,1
data/Actor_02/03-01-01-01-02-02-02.wav,3,1,2,2,2,1,1
data/Actor_02/03-01-02-01-01-01-02.wav,3,1,1,1,2,2,1
data/Actor_02/03-01-02-01-01-02-02.wav,3,1,1,2,2,2,1
data/Actor_02/03-01-02-01-02-01-02.wav,3,1,2,1,2,2,1
data/Actor_02/03-01-02-01-02-02-02.wav,3,1,2,2,2,2,1
data/Actor_02/03-01-02-02-01-01-02.wav,3,1,1,1,2,2,2
data/Actor_02/03-01-02-02-01-02-02.wav,3,1,1,2,2,2,2
data/Actor_02/03-01-02-02-02-01-02.wav,3,1,2,1,2,2,2
data/Actor_02/03-01-02-02-02-02-02.wav,3,1,2,2,2,2,2
data/Actor_02/03-01-03-01-01-01-02.wav,3,1,1,1,2,3,1
data/Actor_02/03-01-03-01-01-02-02.wav,3,1,1,2,2,3,1
data/Actor_02/03-01-03-01-02-01-02.wav,3,1,2,1,2,3,1
data/Actor_02/03-01-03-01-02-02-02.wav,3,1,2,2,2,3,1
data/Actor_02/03-01-03-02-01-01-02.wav,3,1,1,1,2,3,2
data/Actor_02/03-01-03-02-01-02-02.wav,3,1,1,2,2,3,2
data/Actor_02/03-01-03-02-02-01-02.wav,3,1,2,1,2,3,2
data/Actor_02/03-01-03-02-02-02-02.wav,3,1,2,2,2,3,2
data/Actor_02/03-01-04-01-01-01-02.wav,3,1,1,1,2,4,1
data/Actor_02/03-01-04-01-01-02-02.wav,3,1,1,2,2,4,1
data/Actor_02/03-01-04-01-02-01-02.wav,3,1,2,1,2,4,1
data/Actor_02/03-01-04-01-02-02-02.wav,3,1,2,2,2,4,1
data/Actor_02/03-01-04-02-01-01-02.wav,3,1,1,1,2,4,2
data/Actor_02/03-01-04-02-01-02-02.wav,3,1,1,2,2,4,2
data/Actor_02/03-01-04-02-02-01-02.wav,3,1,2,1,2,4,2
data/Actor_02/03-01-04-02-02-02-02.wav,3,1,2,2,2,4,2
data/Actor_02/03-01-05-01-01-01-02.wav,3,1,1,1,2,5,1
data/Actor_02/03-01-05-01-01-02-02.wav,3,1,1,2,2,5,1
data/Actor_02/03-01-05-01-02-01-02.wav,3,1,2,1,2,5,1
data/Actor_02/03-01-05-01-02-02-02.wav,3,1,2,2,2,5,1
data/Actor_02/03-01-05-02-01-01-02.wav,3,1,1,1,2,5,2
data/Actor_02/03-01-05-02-01-02-02.wav,3,1,1,2,2,5,2
data/Actor_02/03-01-05-02-02-01-02.wav,3,1,2,1,2,5,2
data/Actor_02/03-01-05-02-02-02-02.wav,3,1,2,2,2,5,2
data/Actor_02/03-01-06-01-01-01-02.wav,3,1,1,1,2,6,1
data/Actor_02/03-01-06-01-01-02-02.wav,3,1,1,2,2,6,1
data/Actor_02/03-01-06-01-02-01-02.wav,3,1,2,1,2,6,1
data/Actor_02/03-01-06-01-02-02-02.wav,3,1,2,2,2,6,1
data/Actor_02/03-01-06-02-01-01-02.wav,3,1,1,1,2,6,2
data/Actor_02/03-01-06-02-01-02-02.wav,3,1,1,2,2,6,2
data/Actor_02/03-01-06-02-02-01-02.wav,3,1,2,1,2,6,2
data/Actor_02/03-01-06-02-02-02-02.wav,3,1,2,2,2,6,2
data/Actor_02/03-01-07-01-01-01-02.wav,3,1,1,1,2,7,1
data/Actor_02/03-01-07-01-01-02-02.wav,3,1,1,2,2,7,1
data/Actor_02/03-01-07-01-02-01-02.wav,3,1,2,1,2,7,1
data/Actor_02/03-01-07-01-02-02-02.wav,3,1,2,2,2,7,1
data/Actor_02/03-01-07-02-01-01-02.wav,3,1,1,1,2,7,2
data/Actor_02/03-01-07-02-01-02-02.wav,3,1,1,2,2,7,2
data/Actor_02/03-01-07-02-02-01-02.wav,3,1,2,1,2,7,2
data/Actor_02/03-01-07-02-02-02-02.wav,3,1,2,2,2,7,2
data/Actor_02/03-01-08-01-01-01-02.wav,3,1,1,1,2,8,1
data/Actor_02/03-01-08-01-01-02-02.wav,3,1,1,2,2,8,1
data/Actor_02/03-01-08-01-02-01-02.wav,3,1,2,1,2,8,1
data/Actor_02/03-01-08-01-02-02-02.wav,3,1,2,2,2,8,1
data/Actor_02/03-01-08-02-01-01-02.wav,3,1,1,1,2,8,2
data/Actor_02/03-01-08-02-01-02-02.wav,3,1,1,2,2,8,2
data/Actor_02/03-01-08-02-02-01-02.wav,3,1,2,1,2,8,2
data/Actor_02/03-01-08-02-02-02-02.wav,3,1,2,2,2,8,2
data/Actor_03/03-01-01-01-01-01-03.wav,3,1,1,1,3,1,1
data/Actor_03/03-01-01-01-01-02-03.wav,3,1,1,2,3,1,1
data/Actor_03/03-01-01-01-02-01-03.wav,3,1,2,1,3,1,1
data/Actor_03/03-01-01-01-02-02-03.wav,3,1,2,2,3,1,1
data/Actor_03/03-01-02-01-01-01-03.wav,3,1,1,1,3,2,1
data/Actor_03/03-01-02-01-01-02-03.wav,3,1,1,2,3,2,1
data/Actor_03/03-01-02-01-02-01-03.wav,3,1,2,1,3,2,1
data/Actor_03/03-01-02-01-02-02-03.wav,3,1,2,2,3,2,1
data/Actor_03/03-01-02-02-01-01-03.wav,3,1,1,1,3,2,2
data/Actor_03/03-01-02-02-01-02-03.wav,3,1,1,2,3,2,2
data/Actor_03/03-01-02-02-02-01-03.wav,3,1,2,1,3,2,2
data/Actor_03/03-01-02-02-02-02-03.wav,3,1,2,2,3,2,2
data/Actor_03/03-01-03-01-01-01-03.wav,3,1,1,1,3,3,1
data/Actor_03/03-01-03-01-01-02-03.wav,3,1,1,2,3,3,1
data/Actor_03/03-01-03-01-02-01-03.wav,3,1,2,1,3,3,1
data/Actor_03/03-01-03-01-02-02-03.wav,3,1,2,2,3,3,1
data/Actor_03/03-01-03-02-01-01-03.wav,3,1,1,1,3,3,2
data/Actor_03/03-01-03-02-01-02-03.wav,3,1,1,2,3,3,2
data/Actor_03/03-01-03-02-02-01-03.wav,3,1,2,1,3,3,2
data/Actor_03/03-01-03-02-02-02-03.wav,3,1,2,2,3,3,2
data/Actor_03/03-01-04-01-01-01-03.wav,3,1,1,1,3,4,1
data/Actor_03/03-01-04-01-01-02-03.wav,3,1,1,2,3,4,1
data/Actor_03/03-01-04-01-02-01-03.wav,3,1,2,1,3,4,1
data/Actor_03/03-01-04-01-02-02-03.wav,3,1,2,2,3,4,1
data/Actor_03/03-01-04-02-01-01-03.wav,3,1,1,1,3,4,2
data/Actor_03/03-01-04-02-01-02-03.wav,3,1,1,2,3,4,2
data/Actor_03/03-01-04-02-02-01-03.wav,3,1,2,1,3,4,2
data/Actor_03/03-01-04-02-02-02-03.wav,3,1,2,2,3,4,2
data/Actor_03/03-01-05-01-01-01-03.wav,3,1,1,1,3,5,1
data/Actor_03/03-01-05-01-01-02-03.wav,3,1,1,2,3,5,1
data/Actor_03/03-01-05-01-02-01-03.wav,3,1,2,1,3,5,1
data/Actor_03/03-01-05-01-02-02-03.wav,3,1,2,2,3,5,1
data/Actor_03/03-01-05-02-01-01-03.wav,3,1,1,1,3,5,2
data/Actor_03/03-01-05-02-01-02-03.wav,3,1,1,2,3,5,2
data/Actor_03/03-01-05-02-02-01-03.wav,3,1,2,1,3,5,2
data/Actor_03/03-01-05-02-02-02-03.wav,3,1,2,2,3,5,2
data/Actor_03/03-01-06-01-01-01-03.wav,3,1,1,1,3,6,1
data/Actor_03/03-01-06-01-01-02-03.wav,3,1,1,2,3,6,1
data/Actor_03/03-01-06-01-02-01-03.wav,3,1,2,1,3,6,1
data/Actor_03/03-01-06-01-02-02-03.wav,3,1,2,2,3,6,1
data/Actor_03/03-01-06-02-01-01-03.wav,3,1,1,1,3,6,2
data/Actor_03/03-01-06-02-01-02-03.wav,3,1,1,2,3,6,2
data/Actor_03/03-01-06-02-02-01-03.wav,3,1,2,1,3,6,2
data/Actor_03/03-01-06-02-02-02-03.wav,3,1,2,2,3,6,2
data/Actor_03/03-01-07-01-01-01-03.wav,3,1,1,1,3,7,1
data/Actor_03/03-01-07-01-01-02-03.wav,3,1,1,2,3,7,1
data/Actor_03/03-01-07-01-02-01-03.wav,3,1,2,1,3,7,1
data/Actor_03/03-01-07-01-02-02-03.wav,3,1,2,2,3,7,1
data/Actor_03/03-01-07-02-01-01-03.wav,3,1,1,1,3,7,2
data/Actor_03/03-01-07-02-01-02-03.wav,3,1,1,2,3,7,2
data/Actor_03/03-01-07-02-02-01-03.wav,3,1,2,1,3,7,2
data/Actor_03/03-01-07-02-02-02-03.wav,3,1,2,2,3,7,2
data/Actor_03/03-01-08-01-01-01-03.wav,3,1,1,1,3,8,1
data/Actor_03/03-01-08-01-01-02-03.wav,3,1,1,2,3,8,1
data/Actor_03/03-01-08-01-02-01-03.wav,3,1,2,1,3,8,1
data/Actor_03/03-01-08-01-02-02-03.wav,3,1,2,2,3,8,1
data/Actor_03/03-01-08-02-01-01-03.wav,3,1,1,1,3,8,2
data/Actor_03/03-01-08-02-01-02-03.wav,3,1,1,2,3,8,2
data/Actor_03/03-01-08-02-02-01-03.wav,3,1,2,1,3,8,2
data/Actor_03/03-01-08-02-02-02-03.wav,3,1,2,2,3,8,2
data/Actor_04/03-01-01-01-01-01-04.wav,3,1,1,1,4,1,1
data/Actor_04/03-01-01-01-01-02-04.wav,3,1,1,2,4,1,1
data/Actor_04/03-01-01-01-02-01-04.wav,3,1,2,1,4,1,1
data/Actor_04/03-01-01-01-02-02-04.wav,3,1,2,2,4,1,1
data/Actor_04/03-01-02-01-01-01-04.wav,3,1,1,1,4,2,1
data/Actor_04/03-01-02-01-01-02-04.wav,3,1,1,2,4,2,1
data/Actor_04/03-01-02-01-02-01-04.wav,3,1,2,1,4,2,1
data/Actor_04/03-01-02-01-02-02-04.wav,3,1,2,2,4,2,1
data/Actor_04/03-01-02-02-01-01-04.wav,3,1,1,1,4,2,2
data/Actor_04/03-01-02-02-01-02-04.wav,3,1,1,2,4,2,2
data/Actor_04/03-01-02-02-02-01-04.wav,3,1,2,1,4,2,2
data/Actor_04/03-01-02-02-02-02-04.wav,3,1,2,2,4,2,2
data/Actor_04/03-01-03-01-01-01-04.wav,3,1,1,1,4,3,1
data/Actor_04/03-01-03-01-01-02-04.wav,3,1,1,2,4,3,1
data/Actor_04/03-01-03-01-02-01-04.wav,3,1,2,1,4,3,1
data/Actor_04/03-01-03-01-02-02-04.wav,3,1,2,2,4,3,1
data/Actor_04/03-01-03-02-01-01-04.wav,3,1,1,1,4,3,2
data/Actor_04/03-01-03-02-01-02-04.wav,3,1,1,2,4,3,2
data/Actor_04/03-01-03-02-02-01-04.wav,3,1,2,1,4,3,2
data/Actor_04/03-01-03-02-02-02-04.wav,3,1,2,2,4,3,2
data/Actor_04/03-01-04-01-01-01-04.wav,3,1,1,1,4,4,1
data/Actor_04/03-01-04-01-01-02-04.wav,3,1,1,2,4,4,1
data/Actor_04/03-01-04-01-02-01-04.wav,3,1,2,1,4,4,1
data/Actor_04/03-01-04-01-02-02-04.wav,3,1,2,2,4,4,1
data/Actor_04/03-01-04-02-01-01-04.wav,3,1,1,1,4,4,2
data/Actor_04/03-01-04-02-01-02-04.wav,3,1,1,2,4,4,2
data/Actor_04/03-01-04-02-02-01-04.wav,3,1,2,1,4,4,2
data/Actor_04/03-01-04-02-02-02-04.wav,3,1,2,2,4,4,2
data/Actor_04/03-01-05-01-01-01-04.wav,3,1,1,1,4,5,1
data/Actor_04/03-01-05-01-01-02-04.wav,3,1,1,2,4,5,1
data/Actor_04/03-01-05-01-02-01-04.wav,3,1,2,1,4,5,1
data/Actor_04/03-01-05-01-02-02-04.wav,3,1,2,2,4,5,1
data/Actor_04/03-01-05-02-01-01-04.wav,3,1,1,1,4,5,2
data/Actor_04/03-01-05-02-01-02-04.wav,3,1,1,2,4,5,2
data/Actor_04/03-01-05-02-02-01-04.wav,3,1,2,1,4,5,2
data/Actor_04/03-01-05-02-02-02-04.wav,3,1,2,2,4,5,2
data/Actor_04/03-01-06-01-01-01-04.wav,3,1,1,1,4,6,1
data/Actor_04/03-01-06-01-01-02-04.wav,3,1,1,2,4,6,1
data/Actor_04/03-01-06-01-02-01-04.wav,3,1,2,1,4,6,1
data/Actor_04/03-01-06-01-02-02-04.wav,3,1,2,2,4,6,1
data/Actor_04/03-01-06-02-01-01-04.wav,3,1,1,1,4,6,2
data/Actor_04/03-01-06-02-01-02-04.wav,3,1,1,2,4,6,2
data/Actor_04/03-01-06-02-02-01-04.wav,3,1,2,1,4,6,2
data/Actor_04/03-01-06-02-02-02-04.wav,3,1,2,2,4,6,2
data/Actor_04/03-01-07-01-01-01-04.wav,3,1,1,1,4,7,1
data/Actor_04/03-01-07-01-01-02-04.wav,3,1,1,2,4,7,1
data/Actor_04/03-01-07-01-02-01-04.wav,3,1,2,1,4,7,1
data/Actor_04/03-01-07-01-02-02-04.wav,3,1,2,2,4,7,1
data/Actor_04/03-01-07-02-01-01-04.wav,3,1,1,1,4,7,2
data/Actor_04/03-01-07-02-01-02-04.wav,3,1,1,2,4,7,2
data/Actor_04/03-01-07-02-02-01-04.wav,3,1,2,1,4,7,2
data/Actor_04/03-01-07-02-02-02-04.wav,3,1,2,2,4,7,2
data/Actor_04/03-01-08-01-01-01-04.wav,3,1,1,1,4,8,1
data/Actor_04/03-01-08-01-01-02-04.wav,3,1,1,2,4,8,1
data/Actor_04/03-01-08-01-02-01-04.wav,3,1,2,1,4,8,1
data/Actor_04/03-01-08-01-02-02-04.wav,3,1,2,2,4,8,1
data/Actor_04/03-01-08-02-01-01-04.wav,3,1,1,1,4,8,2
data/Actor_04/03-01-08-02-01-02-04.wav,3,1,1,2,4,8,2
data/Actor_04/03-01-08-02-02-01-04.wav,3,1,2,1,4,8,2
data/Actor_04/03-01-08-02-02-02-04.wav,3,1,2,2,4,8,2
data/Actor_05/03-01-01-01-01-01-05.wav,3,1,1,1,5,1,1
data/Actor_05/03-01-01-01-01-02-05.wav,3,1,1,2,5,1,1
data/Actor_05/03-01-01-01-02-01-05.wav,3,1,2,1,5,1,1
data/Actor_05/03-01-01-01-02-02-05.wav,3,1,2,2,5,1,1
data/Actor_05/03-01-02-01-01-01-05.wav,3,1,1,1,5,2,1
data/Actor_05/03-01-02-01-01-02-05.wav,3,1,1,2,5,2,1
data/Actor_05/03-01-02-01-02-01-05.wav,3,1,2,1,5,2,1
data/Actor_05/03-01-02-01-02-02-05.wav,3,1,2,2,5,2,1
data/Actor_05/03-01-02-02-01-01-05.wav,3,1,1,1,5,2,2
data/Actor_05/03-01-02-02-01-02-05.wav,3,1,1,2,5,2,2
data/Actor_05/03-01-02-02-02-01-05.wav,3,1,2,1,5,2,2
data/Actor_05/03-01-02-02-02-02-05.wav,3,1,2,2,5,2,2
data/Actor_05/03-01-03-01-01-01-05.wav,3,1,1,1,5,3,1
data/Actor_05/03-01-03-01-01-02-05.wav,3,1,1,2,5,3,1
data/Actor_05/03-01-03-01-02-01-05.wav,3,1,2,1,5,3,1
data/Actor_05/03-01-03-01-02-02-05.wav,3,1,2,2,5,3,1
data/Actor_05/03-01-03-02-01-01-05.wav,3,1,1,1,5,3,2
data/Actor_05/03-01-03-02-01-02-05.wav,3,1,1,2,5,3,2
data/Actor_05/03-01-03-02-02-01-05.wav,3,1,2,1,5,3,2
data/Actor_05/03-01-03-02-02-02-05.wav,3,1,2,2,5,3,2
data/Actor_05/03-01-04-01-01-01-05.wav,3,1,1,1,5,4,1
data/Actor_05/03-01-04-01-01-02-05.wav,3,1,1,2,5,4,1
data/Actor_05/03-01-04-01-02-01-05.wav,3,1,2,1,5,4,1
data/Actor_05/03-01-04-01-02-02-05.wav,3,1,2,2,5,4,1
data/Actor_05/03-01-04-02-01-01-05.wav,3,1,1,1,5,4,2
data/Actor_05/03-01-04-02-01-02-05.wav,3,1,1,2,5,4,2
data/Actor_05/03-01-04-02-02-01-05.wav,3,1,2,1,5,4,2
data/Actor_05/03-01-04-02-02-02-05.wav,3,1,2,2,5,4,2
data/Actor_05/03-01-05-01-01-01-05.wav,3,1,1,1,5,5,1
data/Actor_05/03-01-05-01-01-02-05.wav,3,1,1,2,5,5,1
data/Actor_05/03-01-05-01-02-01-05.wav,3,1,2,1,5,5,1
data/Actor_05/03-01-05-01-02-02-05.wav,3,1,2,2,5,5,1
data/Actor_05/03-01-05-02-01-01-05.wav,3,1,1,1,5,5,2
data/Actor_05/03-01-05-02-01-02-05.wav,3,1,1,2,5,5,2
data/Actor_05/03-01-05-02-02-01-05.wav,3,1,2,1,5,5,2
data/Actor_05/03-01-05-02-02-02-05.wav,3,1,2,2,5,5,2
data/Actor_05/03-01-06-01-01-01-05.wav,3,1,1,1,5,6,1
data/Actor_05/03-01-06-01-01-02-05.wav,3,1,1,2,5,6,1
data/Actor_05/03-01-06-01-02-01-05.wav,3,1,2,1,5,6,1
data/Actor_05/03-01-06-01-02-02-05.wav,3,1,2,2,5,6,1
data/Actor_05/03-01-06-02-01-01-05.wav,3,1,1,1,5,6,2
data/Actor_05/03-01-06-02-01-02-05.wav,3,1,1,2,5,6,2
data/Actor_05/03-01-06-02-02-01-05.wav,3,1,2,1,5,6,2
data/Actor_05/03-01-06-02-02-02-05.wav,3,1,2,2,5,6,2
data/Actor_05/03-01-07-01-01-01-05.wav,3,1,1,1,5,7,1
data/Actor_05/03-01-07-01-01-02-05.wav,3,1,1,2,5,7,1
data/Actor_05/03-01-07-01-02-01-05.wav,3,1,2,1,5,7,1
data/Actor_05/03-01-07-01-02-02-05.wav,3,1,2,2,5,7,1
data/Actor_05/03-01-07-02-01-01-05.wav,3,1,1,1,5,7,2
data/Actor_05/03-01-07-02-01-02-05.wav,3,1,1,2,5,7,2
data/Actor_05/03-01-07-02-02-01-05.wav,3,1,2,1,5,7,2
data/Actor_05/03-01-07-02-02-02-05.wav,3,1,2,2,5,7,2
data/Actor_05/03-01-08-01-01-01-05.wav,3,1,1,1,5,8,1
data/Actor_05/03-01-08-01-01-02-05.wav,3,1,1,2,5,8,1
data/Actor_05/03-01-08-01-02-01-05.wav,3,1,2,1,5,8,1
data/Actor_05/03-01-08-01-02-02-05.wav,3,1,2,2,5,8,1
data/Actor_05/03-01-08-02-01-01-05.wav,3,1,1,1,5,8,2
data/Actor_05/03-01-08-02-01-02-05.wav,3,1,1,2,5,8,2
data/Actor_05/03-01-08-02-02-01-05.wav,3,1,2,1,5,8,2
data/Actor_05/03-01-08-02-02-02-05.wav,3,1,2,2,5,8,2
data/Actor_06/03-01-01-01-01-01-06.wav,3,1,1,1,6,1,1
data/Actor_06/03-01-01-01-01-02-06.wav,3,1,1,2,6,1,1
data/Actor_06/03-01-01-01-02-01-06.wav,3,1,2,1,6,1,1
data/Actor_06/03-01-01-01-02-02-06.wav,3,1,2,2,6,1,1
data/Actor_06/03-01-02-01-01-01-06.wav,3,1,1,1,6,2,1
data/Actor_06/03-01-02-01-01-02-06.wav,3,1,1,2,6,2,1
data/Actor_06/03-01-02-01-02-01-06.wav,3,1,2,1,6,2,1
data/Actor_06/03-01-02-01-02-02-06.wav,3,1,2,2,6,2,1
data/Actor_06/03-01-02-02-01-01-06.wav,3,1,1,1,6,2,2
data/Actor_06/03-01-02-02-01-02-06.wav,3,1,1,2,6,2,2
data/Actor_06/03-01-02-02-02-01-06.wav,3,1,2,1,6,2,2
data/Actor_06/03-01-02-02-02-02-06.wav,3,1,2,2,6,2,2
data/Actor_06/03-01-03-01-01-01-06.wav,3,1,1,1,6,3,1
data/Actor_06/03-01-03-01-01-02-06.wav,3,1,1,2,6,3,1
data/Actor_06/03-01-03-01-02-01-06.wav,3,1,2,1,6,3,1
data/Actor_06/03-01-03-01-02-02-06.wav,3,1,2,2,6,3,1
data/Actor_06/03-01-03-02-01-01-06.wav,3,1,1,1,6,3,2
data/Actor_06/03-01-03-02-01-02-06.wav,3,1,1,2,6,3,2
data/Actor_06/03-01-03-02-02-01-06.wav,3,1,2,1,6,3,2
data/Actor_06/03-01-03-02-02-02-06.wav,3,1,2,2,6,3,2
data/Actor_06/03-01-04-01-01-01-06.wav,3,1,1,1,6,4,1
data/Actor_06/03-01-04-01-01-02-06.wav,3,1,1,2,6,4,1
data/Actor_06/03-01-04-01-02-01-06.wav,3,1,2,1,6,4,1
data/Actor_06/03-01-04-01-02-02-06.wav,3,1,2,2,6,4,1
data/Actor_06/03-01-04-02-01-01-06.wav,3,1,1,1,6,4,2
data/Actor_06/03-01-04-02-01-02-06.wav,3,1,1,2,6,4,2
data/Actor_06/03-01-04-02-02-01-06.wav,3,1,2,1,6,4,2
data/Actor_06/03-01-04-02-02-02-06.wav,3,1,2,2,6,4,2
data/Actor_06/03-01-05-01-01-01-06.wav,3,1,1,1,6,5,1
data/Actor_06/03-01-05-01-01-02-06.wav,3,1,1,2,6,5,1
data/Actor_06/03-01-05-01-02-01-06.wav,3,1,2,1,6,5,1
data/Actor_06/03-01-05-01-02-02-06.wav,3,1,2,2,6,5,1
data/Actor_06/03-01-05-02-01-01-06.wav,3,1,1,1,6,5,2
data/Actor_06/03-01-05-02-01-02-06.wav,3,1,1,2,6,5,2
data/Actor_06/03-01-05-02-02-01-06.wav,3,1,2,1,6,5,2
data/Actor_06/03-01-05-02-02-02-06.wav,3,1,2,2,6,5,2
data/Actor_06/03-01-06-01-01-01-06.wav,3,1,1,1,6,6,1
data/Actor_06/03-01-06-01-01-02-06.wav,3,1,1,2,6,6,1
data/Actor_06/03-01-06-01-02-01-06.wav,3,1,2,1,6,6,1
data/Actor_06/03-01-06-01-02-02-06.wav,3,1,2,2,6,6,1
data/Actor_06/03-01-06-02-01-01-06.wav,3,1,1,1,6,6,2
data/Actor_06/03-01-06-02-01-02-06.wav,3,1,1,2,6,6,2
data/Actor_06/03-01-06-02-02-01-06.wav,3,1,2,1,6,6,2
data/Actor_06/03-01-06-02-02-02-06.wav,3,1,2,2,6,6,2
data/Actor_06/03-01-07-01-01-01-06.wav,3,1,1,1,6,7,1
data/Actor_06/03-01-07-01-01-02-06.wav,3,1,1,2,6,7,1
data/Actor_06/03-01-07-01-02-01-06.wav,3,1,2,1,6,7,1
data/Actor_06/03-01-07-01-02-02-06.wav,3,1,2,2,6,7,1
data/Actor_06/03-01-07-02-01-01-06.wav,3,1,1,1,6,7,2
data/Actor_06/03-01-07-02-01-02-06.wav,3,1,1,2,6,7,2
data/Actor_06/03-01-07-02-02-01-06.wav,3,1,2,1,6,7,2
data/Actor_06/03-01-07-02-02-02-06.wav,3,1,2,2,6,7,2
data/Actor_06/03-01-08-01-01-01-06.wav,3,1,1,1,6,8,1
data/Actor_06/03-01-08-01-01-02-06.wav,3,1,1,2,6,8,1
data/Actor_06/03-01-08-01-02-01-06.wav,3,1,2,1,6,8,1
data/Actor_06/03-01-08-01-02-02-06.wav,3,1,2,2,6,8,1
data/Actor_06/03-01-08-02-01-01-06.wav,3,1,1,1,6,8,2
data/Actor_06/03-01-08-02-01-02-06.wav,3,1,1,2,6,8,2
data/Actor_06/03-01-08-02-02-01-06.wav,3,1,2,1,6,8,2
data/Actor_06/03-01-08-02-02-02-06.wav,3,1,2,2,6,8,2
data/Actor_07/03-01-01-01-01-01-07.wav,3,1,1,1,7,1,1
data/Actor_07/03-01-01-01-01-02-07.wav,3,1,1,2,7,1,1
data/Actor_07/03-01-01-01-02-01-07.wav,3,1,2,1,7,1,1
data/Actor_07/03-01-01-01-02-02-07.wav,3,1,2,2,7,1,1
data/Actor_07/03-01-02-01-01-01-07.wav,3,1,1,1,7,2,1
data/Actor_07/03-01-02-01-01-02-07.wav,3,1,1,2,7,2,1
data/Actor_07/03-01-02-01-02-01-07.wav,3,1,2,1,7,2,1
data/Actor_07/03-01-02-01-02-02-07.wav,3,1,2,2,7,2,1
data/Actor_07/03-01-02-02-01-01-07.wav,3,1,1,1,7,2,2
data/Actor_07/03-01-02-02-01-02-07.wav,3,1,1,2,7,2,2
data/Actor_07/03-01-02-02-02-01-07.wav,3,1,2,1,7,2,2
data/Actor_07/03-01-02-02-02-02-07.wav,3,1,2,2,7,2,2
data/Actor_07/03-01-03-01-01-01-07.wav,3,1,1,1,7,3,1
data/Actor_07/03-01-03-01-01-02-07.wav,3,1,1,2,7,3,1
data/Actor_07/03-01-03-01-02-01-07.wav,3,1,2,1,7,3,1
data/Actor_07/03-01-03-01-02-02-07.wav,3,1,2,2,7,3,1
data/Actor_07/03-01-03-02-01-01-07.wav,3,1,1,1,7,3,2
data/Actor_07/03-01-03-02-01-02-07.wav,3,1,1,2,7,3,2
data/Actor_07/03-01-03-02-02-01-07.wav,3,1,2,1,7,3,2
data/Actor_07/03-01-03-02-02-02-07.wav,3,1,2,2,7,3,2
data/Actor_07/03-01-04-01-01-01-07.wav,3,1,1,1,7,4,1
data/Actor_07/03-01-04-01-01-02-07.wav,3,1,1,2,7,4,1
data/Actor_07/03-01-04-01-02-01-07.wav,3,1,2,1,7,4,1
data/Actor_07/03-01-04-01-02-02-07.wav,3,1,2,2,7,4,1
data/Actor_07/03-01-04-02-01-01-07.wav,3,1,1,1,7,4,2
data/Actor_07/03-01-04-02-01-02-07.wav,3,1,1,2,7,4,2
data/Actor_07/03-01-04-02-02-01-07.wav,3,1,2,1,7,4,2
data/Actor_07/03-01-04-02-02-02-07.wav,3,1,2,2,7,4,2
data/Actor_07/03-01-05-01-01-01-07.wav,3,1,1,1,7,5,1
data/Actor_07/03-01-05-01-01-02-07.wav,3,1,1,2,7,5,1
data/Actor_07/03-01-05-01-02-01-07.wav,3,1,2,1,7,5,1
data/Actor_07/03-01-05-01-02-02-07.wav,3,1,2,2,7,5,1
data/Actor_07/03-01-05-02-01-01-07.wav,3,1,1,1,7,5,2
data/Actor_07/03-01-05-02-01-02-07.wav,3,1,1,2,7,5,2
data/Actor_07/03-01-05-02-02-01-07.wav,3,1,2,1,7,5,2
data/Actor_07/03-01-05-02-02-02-07.wav,3,1,2,2,7,5,2
data/Actor_07/03-01-06-01-01-01-07.wav,3,1,1,1,7,6,1
data/Actor_07/03-01-06-01-01-02-07.wav,3,1,1,2,7,6,1
data/Actor_07/03-01-06-01-02-01-07.wav,3,1,2,1,7,6,1
data/Actor_07/03-01-06-01-02-02-07.wav,3,1,2,2,7,6,1
data/Actor_07/03-01-06-02-01-01-07.wav,3,1,1,1,7,6,2
data/Actor_07/03-01-06-02-01-02-07.wav,3,1,1,2,7,6,2
data/Actor_07/03-01-06-02-02-01-07.wav,3,1,2,1,7,6,2
data/Actor_07/03-01-06-02-02-02-07.wav,3,1,2,2,7,6,2
data/Actor_07/03-01-07-01-01-01-07.wav,3,1,1,1,7,7,1
data/Actor_07/03-01-07-01-01-02-07.wav,3,1,1,2,7,7,1
data/Actor_07/03-01-07-01-02-01-07.wav,3,1,2,1,7,7,1
data/Actor_07/03-01-07-01-02-02-07.wav,3,1,2,2,7,7,1
data/Actor_07/03-01-07-02-01-01-07.wav,3,1,1,1,7,7,2
data/Actor_07/03-01-07-02-01-02-07.wav,3,1,1,2,7,7,2
data/Actor_07/03-01-07-02-02-01-07.wav,3,1,2,1,7,7,2
data/Actor_07/03-01-07-02-02-02-07.wav,3,1,2,2,7,7,2
data/Actor_07/03-01-08-01-01-01-07.wav,3,1,1,1,7,8,1
data/Actor_07/03-01-08-01-01-02-07.wav,3,1,1,2,7,8,1
data/Actor_07/03-01-08-01-02-01-07.wav,3,1,2,1,7,8,1
data/Actor_07/03-01-08-01-02-02-07.wav,3,1,2,2,7,8,1
data/Actor_07/03-01-08-02-01-01-07.wav,3,1,1,1,7,8,2
data/Actor_07/03-01-08-02-01-02-07.wav,3,1,1,2,7,8,2
data/Actor_07/03-01-08-02-02-01-07.wav,3,1,2,1,7,8,2
data/Actor_07/03-01-08-02-02-02-07.wav,3,1,2,2,7,8,2
data/Actor_08/03-01-01-01-01-01-08.wav,3,1,1,1,8,1,1
data/Actor_08/03-01-01-01-01-02-08.wav,3,1,1,2,8,1,1
data/Actor_08/03-01-01-01-02-01-08.wav,3,1,2,1,8,1,1
data/Actor_08/03-01-01-01-02-02-08.wav,3,1,2,2,8,1,1
data/Actor_08/03-01-02-01-01-01-08.wav,3,1,1,1,8,2,1
data/Actor_08/03-01-02-01-01-02-08.wav,3,1,1,2,8,2,1
data/Actor_08/03-01-02-01-02-01-08.wav,3,1,2,1,8,2,1
data/Actor_08/03-01-02-01-02-02-08.wav,3,1,2,2,8,2,1
data/Actor_08/03-01-02-02-01-01-08.wav,3,1,1,1,8,2,2
data/Actor_08/03-01-02-02-01-02-08.wav,3,1,1,2,8,2,2
data/Actor_08/03-01-02-02-02-01-08.wav,3,1,2,1,8,2,2
data/Actor_08/03-01-02-02-02-02-08.wav,3,1,2,2,8,2,2
data/Actor_08/03-01-03-01-01-01-08.wav,3,1,1,1,8,3,1
data/Actor_08/03-01-03-01-01-02-08.wav,3,1,1,2,8,3,1
data/Actor_08/03-01-03-01-02-01-08.wav,3,1,2,1,8,3,1
data/Actor_08/03-01-03-01-02-02-08.wav,3,1,2,2,8,3,1
data/Actor_08/03-01-03-02-01-01-08.wav,3,1,1,1,8,3,2
data/Actor_08/03-01-03-02-01-02-08.wav,3,1,1,2,8,3,2
data/Actor_08/03-01-03-02-02-01-08.wav,3,1,2,1,8,3,2
data/Actor_08/03-01-03-02-02-02-08.wav,3,1,2,2,8,3,2
data/Actor_08/03-01-04-01-01-01-08.wav,3,1,1,1,8,4,1
data/Actor_08/03-01-04-01-01-02-08.wav,3,1,1,2,8,4,1
data/Actor_08/03-01-04-01-02-01-08.wav,3,1,2,1,8,4,1
data/Actor_08/03-01-04-01-02-02-08.wav,3,1,2,2,8,4,1
data/Actor_08/03-01-04-02-01-01-08.wav,3,1,1,1,8,4,2
data/Actor_08/03-01-04-02-01-02-08.wav,3,1,1,2,8,4,2
data/Actor_08/03-01-04-02-02-01-08.wav,3,1,2,1,8,4,2
data/Actor_08/03-01-04-02-02-02-08.wav,3,1,2,2,8,4,2
data/Actor_08/03-01-05-01-01-01-08.wav,3,1,1,1,8,5,1
data/Actor_08/03-01-05-01-01-02-08.wav,3,1,1,2,8,5,1
data/Actor_08/03-01-05-01-02-01-08.wav,3,1,2,1,8,5,1
data/Actor_08/03-01-05-01-02-02-08.wav,3,1,2,2,8,5,1
data/Actor_08/03-01-05-02-01-01-08.wav,3,1,1,1,8,5,2
data/Actor_08/03-01-05-02-01-02-08.wav,3,1,1,2,8,5,2
data/Actor_08/03-01-05-02-02-01-08.wav,3,1,2,1,8,5,2
data/Actor_08/03-01-05-02-02-02-08.wav,3,1,2,2,8,5,2
data/Actor_08/03-01-06-01-01-01-08.wav,3,1,1,1,8,6,1
data/Actor_08/03-01-06-01-01-02-08.wav,3,1,1,2,8,6,1
data/Actor_08/03-01-06-01-02-01-08.wav,3,1,2,1,8,6,1
data/Actor_08/03-01-06-01-02-02-08.wav,3,1,2,2,8,6,1
data/Actor_08/03-01-06-02-01-01-08.wav,3,1,1,1,8,6,2
data/Actor_08/03-01-06-02-01-02-08.wav,3,1,1,2,8,6,2
data/Actor_08/03-01-06-02-02-01-08.wav,3,1,2,1,8,6,2
data/Actor_08/03-01-06-02-02-02-08.wav,3,1,2,2,8,6,2
data/Actor_08/03-01-07-01-01-01-08.wav,3,1,1,1,8,7,1
data/Actor_08/03-01-07-01-01-02-08.wav,3,1,1,2,8,7,1
data/Actor_08/03-01-07-01-02-01-08.wav,3,1,2,1,8,7,1
data/Actor_08/03-01-07-01-02-02-08.wav,3,1,2,2,8,7,1
data/Actor_08/03-01-07-02-01-01-08.wav,3,1,1,1,8,7,2
data/Actor_08/03-01-07-02-01-02-08.wav,3,1,1,2,8,7,2
data/Actor_08/03-01-07-02-02-01-08.wav,3,1,2,1,8,7,2
data/Actor_08/03-01-07-02-02-02-08.wav,3,1,2,2,8,7,2
data/Actor_08/03-01-08-01-01-01-08.wav,3,1,1,1,8,8,1
data/Actor_08/03-01-08-01-01-02-08.wav,3,1,1,2,8,8,1
data/Actor_08/03-01-08-01-02-01-08.wav,3,1,2,1,8,8,1
data/Actor_08/03-01-08-01-02-02-08.wav,3,1,2,2,8,8,1
data/Actor_08/03-01-08-02-01-01-08.wav,3,1,1,1,8,8,2
data/Actor_08/03-01-08-02-01-02-08.wav,3,1,1,2,8,8,2
data/Actor_08/03-01-08-02-02-01-08.wav,3,1,2,1,8,8,2
data/Actor_08/03-01-08-02-02-02-08.wav,3,1,2,2,8,8,2
data/Actor_09/03-01-01-01-01-01-09.wav,3,1,1,1,9,1,1
data/Actor_09/03-01-01-01-01-02-09.wav,3,1,1,2,9,1,1
data/Actor_09/03-01-01-01-02-01-09.wav,3,1,2,1,9,1,1
data/Actor_09/03-01-01-01-02-02-09.wav,3,1,2,2,9,1,1
data/Actor_09/03-01-02-01-01-01-09.wav,3,1,1,1,9,2,1
data/Actor_09/03-01-02-01-01-02-09.wav,3,1,1,2,9,2,1
data/Actor_09/03-01-02-01-02-01-09.wav,3,1,2,1,9,2,1
data/Actor_09/03-01-02-01-02-02-09.wav,3,1,2,2,9,2,1
data/Actor_09/03-01-02-02-01-01-09.wav,3,1,1,1,9,2,2
data/Actor_09/03-01-02-02-01-02-09.wav,3,1,1,2,9,2,2
data/Actor_09/03-01-02-02-02-01-09.wav,3,1,2,1,9,2,2
data/Actor_09/03-01-02-02-02-02-09.wav,3,1,2,2,9,2,2
data/Actor_09/03-01-03-01-01-01-09.wav,3,1,1,1,9,3,1
data/Actor_09/03-01-03-01-01-02-09.wav,3,1,1,2,9,3,1
data/Actor_09/03-01-03-01-02-01-09.wav,3,1,2,1,9,3,1
data/Actor_09/03-01-03-01-02-02-09.wav,3,1,2,2,9,3,1
data/Actor_09/03-01-03-02-01-01-09.wav,3,1,1,1,9,3,2
data/Actor_09/03-01-03-02-01-02-09.wav,3,1,1,2,9,3,2
data/Actor_09/03-01-03-02-02-01-09.wav,3,1,2,1,9,3,2
data/Actor_09/03-01-03-02-02-02-09.wav,3,1,2,2,9,3,2
data/Actor_09/03-01-04-01-01-01-09.wav,3,1,1,1,9,4,1
data/Actor_09/03-01-04-01-01-02-09.wav,3,1,1,2,9,4,1
data/Actor_09/03-01-04-01-02-01-09.wav,3,1,2,1,9,4,1
data/Actor_09/03-01-04-01-02-02-09.wav,3,1,2,2,9,4,1
data/Actor_09/03-01-04-02-01-01-09.wav,3,1,1,1,9,4,2
data/Actor_09/03-01-04-02-01-02-09.wav,3,1,1,2,9,4,2
data/Actor_09/03-01-04-02-02-01-09.wav,3,1,2,1,9,4,2
data/Actor_09/03-01-04-02-02-02-09.wav,3,1,2,2,9,4,2
data/Actor_09/03-01-05-01-01-01-09.wav,3,1,1,1,9,5,1
data/Actor_09/03-01-05-01-01-02-09.wav,3,1,1,2,9,5,1
data/Actor_09/03-01-05-01-02-01-09.wav,3,1,2,1,9,5,1
data/Actor_09/03-01-05-01-02-02-09.wav,3,1,2,2,9,5,1
data/Actor_09/03-01-05-02-01-01-09.wav,3,1,1,1,9,5,2
data/Actor_09/03-01-05-02-01-02-09.wav,3,1,1,2,9,5,2
data/Actor_09/03-01-05-02-02-01-09.wav,3,1,2,1,9,5,2
data/Actor_09/03-01-05-02-02-02-09.wav,3,1,2,2,9,5,2
data/Actor_09/03-01-06-01-01-01-09.wav,3,1,1,1,9,6,1
data/Actor_09/03-01-06-01-01-02-09.wav,3,1,1,2,9,6,1
data/Actor_09/03-01-06-01-02-01-09.wav,3,1,2,1,9,6,1
data/Actor_09/03-01-06-01-02-02-09.wav,3,1,2,2,9,6,1
data/Actor_09/03-01-06-02-01-01-09.wav,3,1,1,1,9,6,2
data/Actor_09/03-01-06-02-01-02-09.wav,3,1,1,2,9,6,2
data/Actor_09/03-01-06-02-02-01-09.wav,3,1,2,1,9,6,2
data/Actor_09/03-01-06-02-02-02-09.wav,3,1,2,2,9,6,2
data/Actor_09/03-01-07-01-01-01-09.wav,3,1,1,1,9,7,1
data/Actor_09/03-01-07-01-01-02-09.wav,3,1,1,2,9,7,1
data/Actor_09/03-01-07-01-02-01-09.wav,3,1,2,1,9,7,1
data/Actor_09/03-01-07-01-02-02-09.wav,3,1,2,2,9,7,1
data/Actor_09/03-01-07-02-01-01-09.wav,3,1,1,1,9,7,2
data/Actor_09/03-01-07-02-01-02-09.wav,3,1,1,2,9,7,2
data/Actor_09/03-01-07-02-02-01-09.wav,3,1,2,1,9,7,2
data/Actor_09/03-01-07-02-02-02-09.wav,3,1,2,2,9,7,2
data/Actor_09/03-01-08-01-01-01-09.wav,3,1,1,1,9,8,1
data/Actor_09/03-01-08-01-01-02-09.wav,3,1,1,2,9,8,1
data/Actor_09/03-01-08-01-02-01-09.wav,3,1,2,1,9,8,1
data/Actor_09/03-01-08-01-02-02-09.wav,3,1,2,2,9,8,1
data/Actor_09/03-01-08-02-01-01-09.wav,3,1,1,1,9,8,2
data/Actor_09/03-01-08-02-01-02-09.wav,3,1,1,2,9,8,2
data/Actor_09/03-01-08-02-02-01-09.wav,3,1,2,1,9,8,2
data/Actor_09/03-01-08-02-02-02-09.wav,3,1,2,2,9,8,2
data/Actor_10/03-01-01-01-01-01-10.wav,3,1,1,1,10,1,1
data/Actor_10/03-01-01-01-01-02-10.wav,3,1,1,2,10,1,1
data/Actor_10/03-01-01-01-02-01-10.wav,3,1,2,1,10,1,1
data/Actor_10/03-01-01-01-02-02-10.wav,3,1,2,2,10,1,1
data/Actor_10/03-01-02-01-01-01-10.wav,3,1,1,1,10,2,1
data/Actor_10/03-01-02-01-01-02-10.wav,3,1,1,2,10,2,1
data/Actor_10/03-01-02-01-02-01-10.wav,3,1,2,1,10,2,1
data/Actor_10/03-01-02-01-02-02-10.wav,3,1,2,2,10,2,1
data/Actor_10/03-01-02-02-01-01-10.wav,3,1,1,1,10,2,2
data/Actor_10/03-01-02-02-01-02-10.wav,3,1,1,2,10,2,2
data/Actor_10/03-01-02-02-02-01-10.wav,3,1,2,1,10,2,2
data/Actor_10/03-01-02-02-02-02-10.wav,3,1,2,2,10,2,2
data/Actor_10/03-01-03-01-01-01-10.wav,3,1,1,1,10,3,1
data/Actor_10/03-01-03-01-01-02-10.wav,3,1,1,2,10,3,1
data/Actor_10/03-01-03-01-02-01-10.wav,3,1,2,1,10,3,1
data/Actor_10/03-01-03-01-02-02-10.wav,3,1,2,2,10,3,1
data/Actor_10/03-01-03-02-01-01-10.wav,3,1,1,1,10,3,2
data/Actor_10/03-01-03-02-01-02-10.wav,3,1,1,2,10,3,2
data/Actor_10/03-01-03-02-02-01-10.wav,3,1,2,1,10,3,2
data/Actor_10/03-01-03-02-02-02-10.wav,3,1,2,2,10,3,2
data/Actor_10/03-01-04-01-01-01-10.wav,3,1,1,1,10,4,1
data/Actor_10/03-01-04-01-01-02-10.wav,3,1,1,2,10,4,1
data/Actor_10/03-01-04-01-02-01-10.wav,3,1,2,1,10,4,1
data/Actor_10/03-01-04-01-02-02-10.wav,3,1,2,2,10,4,1
data/Actor_10/03-01-04-02-01-01-10.wav,3,1,1,1,10,4,2
data/Actor_10/03-01-04-02-01-02-10.wav,3,1,1,2,10,4,2
data/Actor_10/03-01-04-02-02-01-10.wav,3,1,2,1,10,4,2
data/Actor_10/03-01-04-02-02-02-10.wav,3,1,2,2,10,4,2
data/Actor_10/03-01-05-01-01-01-10.wav,3,1,1,1,10,5,1
data/Actor_10/03-01-05-01-01-02-10.wav,3,1,1,2,10,5,1
data/Actor_10/03-01-05-01-02-01-10.wav,3,1,2,1,10,5,1
data/Actor_10/03-01-05-01-02-02-10.wav,3,1,2,2,10,5,1
data/Actor_10/03-01-05-02-01-01-10.wav,3,1,1,1,10,5,2
data/Actor_10/03-01-05-02-01-02-10.wav,3,1,1,2,10,5,2
data/Actor_10/03-01-05-02-02-01-10.wav,3,1,2,1,10,5,2
data/Actor_10/03-01-05-02-02-02-10.wav,3,1,2,2,10,5,2
data/Actor_10/03-01-06-01-01-01-10.wav,3,1,1,1,10,6,1
data/Actor_10/03-01-06-01-01-02-10.wav,3,1,1,2,10,6,1
data/Actor_10/03-01-06-01-02-01-10.wav,3,1,2,1,10,6,1
data/Actor_10/03-01-06-01-02-02-10.wav,3,1,2,2,10,6,1
data/Actor_10/03-01-06-02-01-01-10.wav,3,1,1,1,10,6,2
data/Actor_10/03-01-06-02-01-02-10.wav,3,1,1,2,10,6,2
data/Actor_10/03-01-06-02-02-01-10.wav,3,1,2,1,10,6,2
data/Actor_10/03-01-06-02-02-02-10.wav,3,1,2,2,10,6,2
data/Actor_10/03-01-07-01-01-01-10.wav,3,1,1,1,10,7,1
data/Actor_10/03-01-07-01-01-02-10.wav,3,1,1,2,10,7,1
data/Actor_10/03-01-07-01-02-01-10.wav,3,1,2,1,10,7,1
data/Actor_10/03-01-07-01-02-02-10.wav,3,1,2,2,10,7,1
data/Actor_10/03-01-07-02-01-01-10.wav,3,1,1,1,10,7,2
data/Actor_10/03-01-07-02-01-02-10.wav,3,1,1,2,10,7,2
data/Actor_10/03-01-07-02-02-01-10.wav,3,1,2,1,10,7,2
data/Actor_10/03-01-07-02-02-02-10.wav,3,1,2,2,10,7,2
data/Actor_10/03-01-08-01-01-01-10.wav,3,1,1,1,10,8,1
data/Actor_10/03-01-08-01-01-02-10.wav,3,1,1,2,10,8,1
data/Actor_10/03-01-08-01-02-01-10.wav,3,1,2,1,10,8,1
data/Actor_10/03-01-08-01-02-02-10.wav,3,1,2,2,10,8,1
data/Actor_10/03-01-08-02-01-01-10.wav,3,1,1,1,10,8,2
data/Actor_10/03-01-08-02-01-02-10.wav,3,1,1,2,10,8,2
data/Actor_10/03-01-08-02-02-01-10.wav,3,1,2,1,10,8,2
data/Actor_10/03-01-08-02-02-02-10.wav,3,1,2,2,10,8,2
data/Actor_11/03-01-01-01-01-01-11.wav,3,1,1,1,11,1,1
data/Actor_11/03-01-01-01-01-02-11.wav,3,1,1,2,11,1,1
data/Actor_11/03-01-01-01-02-01-11.wav,3,1,2,1,11,1,1
data/Actor_11/03-01-01-01-02-02-11.wav,3,1,2,2,11,1,1
data/Actor_11/03-01-02-01-01-01-11.wav,3,1,1,1,11,2,1
data/Actor_11/03-01-02-01-01-02-11.wav,3,1,1,2,11,2,1
data/Actor_11/03-01-02-01-02-01-11.wav,3,1,2,1,11,2,1
data/Actor_11/03-01-02-01-02-02-11.wav,3,1,2,2,11,2,1
data/Actor_11/03-01-02-02-01-01-11.wav,3,1,1,1,11,2,2
data/Actor_11/03-01-02-02-01-02-11.wav,3,1,1,2,11,2,2
data/Actor_11/03-01-02-02-02-01-11.wav,3,1,2,1,11,2,2
data/Actor_11/03-01-02-02-02-02-11.wav,3,1,2,2,11,2,2
data/Actor_11/03-01-03-01-01-01-11.wav,3,1,1,1,11,3,1
data/Actor_11/03-01-03-01-01-02-11.wav,3,1,1,2,11,3,1
data/Actor_11/03-01-03-01-02-01-11.wav,3,1,2,1,11,3,1
data/Actor_11/03-01-03-01-02-02-11.wav,3,1,2,2,11,3,1
data/Actor_11/03-01-03-02-01-01-11.wav,3,1,1,1,11,3,2
data/Actor_11/03-01-03-02-01-02-11.wav,3,1,1,2,11,3,2
data/Actor_11/03-01-03-02-02-01-11.wav,3,1,2,1,11,3,2
data/Actor_11/03-01-03-02-02-02-11.wav,3,1,2,2,11,3,2
data/Actor_11/03-01-04-01-01-01-11.wav,3,1,1,1,11,4,1
data/Actor_11/03-01-04-01-01-02-11.wav,3,1,1,2,11,4,1
data/Actor_11/03-01-04-01-02-01-11.wav,3,1,2,1,11,4,1
data/Actor_11/03-01-04-01-02-02-11.wav,3,1,2,2,11,4,1
data/Actor_11/03-01-04-02-01-01-11.wav,3,1,1,1,11,4,2
data/Actor_11/03-01-04-02-01-02-11.wav,3,1,1,2,11,4,2
data/Actor_11/03-01-04-02-02-01-11.wav,3,1,2,1,11,4,2
data/Actor_11/03-01-04-02-02-02-11.wav,3,1,2,2,11,4,2
data/Actor_11/03-01-05-01-01-01-11.wav,3,1,1,1,11,5,1
data/Actor_11/03-01-05-01-01-02-11.wav,3,1,1,2,11,5,1
data/Actor_11/03-01-05-01-02-01-11.wav,3,1,2,1,11,5,1
data/Actor_11/03-01-05-01-02-02-11.wav,3,1,2,2,11,5,1
data/Actor_11/03-01-05-02-01-01-11.wav,3,1,1,1,11,5,2
data/Actor_11/03-01-05-02-01-02-11.wav,3,1,1,2,11,5,2
data/Actor_11/03-01-05-02-02-01-11.wav,3,1,2,1,11,5,2
data/Actor_11/03-01-05-02-02-02-11.wav,3,1,2,2,11,5,2
data/Actor_11/03-01-06-01-01-01-11.wav,3,1,1,1,11,6,1
data/Actor_11/03-01-06-01-01-02-11.wav,3,1,1,2,11,6,1
data/Actor_11/03-01-06-01-02-01-11.wav,3,1,2,1,11,6,1
data/Actor_11/03-01-06-01-02-02-11.wav,3,1,2,2,11,6,1
data/Actor_11/03-01-06-02-01-01-11.wav,3,1,1,1,11,6,2
data/Actor_11/03-01-06-02-01-02-11.wav,3,1,1,2,11,6,2
data/Actor_11/03-01-06-02-02-01-11.wav,3,1,2,1,11,6,2
data/Actor_11/03-01-06-02-02-02-11.wav,3,1,2,2,11,6,2
data/Actor_11/03-01-07-01-01-01-11.wav,3,1,1,1,11,7,1
data/Actor_11/03-01-07-01-01-02-11.wav,3,1,1,2,11,7,1
data/Actor_11/03-01-07-01-02-01-11.wav,3,1,2,1,11,7,1
data/Actor_11/03-01-07-01-02-02-11.wav,3,1,2,2,11,7,1
data/Actor_11/03-01-07-02-01-01-11.wav,3,1,1,1,11,7,2
data/Actor_11/03-01-07-02-01-02-11.wav,3,1,1,2,11,7,2
data/Actor_11/03-01-07-02-02-01-11.wav,3,1,2,1,11,7,2
data/Actor_11/03-01-07-02-02-02-11.wav,3,1,2,2,11,7,2
data/Actor_11/03-01-08-01-01-01-11.wav,3,1,1,1,11,8,1
data/Actor_11/03-01-08-01-01-02-11.wav,3,1,1,2,11,8,1
data/Actor_11/03-01-08-01-02-01-11.wav,3,1,2,1,11,8,1
data/Actor_11/03-01-08-01-02-02-11.wav,3,1,2,2,11,8,1
data/Actor_11/03-01-08-02-01-01-11.wav,3,1,1,1,11,8,2
data/Actor_11/03-01-08-02-01-02-11.wav,3,1,1,2,11,8,2
data/Actor_11/03-01-08-02-02-01-11.wav,3,1,2,1,11,8,2
data/Actor_11/03-01-08-02-02-02-11.wav,3,1,2,2,11,8,2
data/Actor_12/03-01-01-01-01-01-12.wav,3,1,1,1,12,1,1
data/Actor_12/03-01-01-01-01-02-12.wav,3,1,1,2,12,1,1
data/Actor_12/03-01-01-01-02-01-12.wav,3,1,2,1,12,1,1
data/Actor_12/03-01-01-01-02-02-12.wav,3,1,2,2,12,1,1
data/Actor_12/03-01-02-01-01-01-12.wav,3,1,1,1,12,2,1
data/Actor_12/03-01-02-01-01-02-12.wav,3,1,1,2,12,2,1
data/Actor_12/03-01-02-01-02-01-12.wav,3,1,2,1,12,2,1
data/Actor_12/03-01-02-01-02-02-12.wav,3,1,2,2,12,2,1
data/Actor_12/03-01-02-02-01-01-12.wav,3,1,1,1,12,2,2
data/Actor_12/03-01-02-02-01-02-12.wav,3,1,1,2,12,2,2
data/Actor_12/03-01-02-02-02-01-12.wav,3,1,2,1,12,2,2
data/Actor_12/03-01-02-02-02-02-12.wav,3,1,2,2,12,2,2
data/Actor_12/03-01-03-01-01-01-12.wav,3,1,1,1,12,3,1
data/Actor_12/03-01-03-01-01-02-12.wav,3,1,1,2,12,3,1
data/Actor_12/03-01-03-01-02-01-12.wav,3,1,2,1,12,3,1
data/Actor_12/03-01-03-01-02-02-12.wav,3,1,2,2,12,3,1
data/Actor_12/03-01-03-02-01-01-12.wav,3,1,1,1,12,3,2
data/Actor_12/03-01-03-02-01-02-12.wav,3,1,1,2,12,3,2
data/Actor_12/03-01-03-02-02-01-12.wav,3,1,2,1,12,3,2
data/Actor_12/03-01-03-02-02-02-12.wav,3,1,2,2,12,3,2
data/Actor_12/03-01-04-01-01-01-12.wav,3,1,1,1,12,4,1
data/Actor_12/03-01-04-01-01-02-12.wav,3,1,1,2,12,4,1
data/Actor_12/03-01-04-01-02-01-12.wav,3,1,2,1,12,4,1
data/Actor_12/03-01-04-01-02-02-12.wav,3,1,2,2,12,4,1
data/Actor_12/03-01-04-02-01-01-12.wav,3,1,1,1,12,4,2
data/Actor_12/03-01-04-02-01-02-12.wav,3,1,1,2,12,4,2
data/Actor_12/03-01-04-02-02-01-12.wav,3,1,2,1,12,4,2
data/Actor_12/03-01-04-02-02-02-12.wav,3,1,2,2,12,4,2
data/Actor_12/03-01-05-01-01-01-12.wav,3,1,1,1,12,5,1
data/Actor_12/03-01-05-01-01-02-12.wav,3,1,1,2,12,5,1
data/Actor_12/03-01-05-01-02-01-12.wav,3,1,2,1,12,5,1
data/Actor_12/03-01-05-01-02-02-12.wav,3,1,2,2,12,5,1
data/Actor_12/03-01-05-02-01-01-12.wav,3,1,1,1,12,5,2
data/Actor_12/03-01-05-02-01-02-12.wav,3,1,1,2,12,5,2
data/Actor_12/03-01-05-02-02-01-12.wav,3,1,2,1,12,5,2
data/Actor_12/03-01-05-02-02-02-12.wav,3,1,2,2,12,5,2
data/Actor_12/03-01-06-01-01-01-12.wav,3,1,1,1,12,6,1
data/Actor_12/03-01-06-01-01-02-12.wav,3,1,1,2,12,6,1
data/Actor_12/03-01-06-01-02-01-12.wav,3,1,2,1,12,6,1
data/Actor_12/03-01-06-01-02-02-12.wav,3,1,2,2,12,6,1
data/Actor_12/03-01-06-02-01-01-12.wav,3,1,1,1,12,6,2
data/Actor_12/03-01-06-02-01-02-12.wav,3,1,1,2,12,6,2
data/Actor_12/03-01-06-02-02-01-12.wav,3,1,2,1,12,6,2
data/Actor_12/03-01-06-02-02-02-12.wav,3,1,2,2,12,6,2
data/Actor_12/03-01-07-01-01-01-12.wav,3,1,1,1,12,7,1
data/Actor_12/03-01-07-01-01-02-12.wav,3,1,1,2,12,7,1
data/Actor_12/03-01-07-01-02-01-12.wav,3,1,2,1,12,7,1
data/Actor_12/03-01-07-01-02-02-12.wav,3,1,2,2,12,7,1
data/Actor_12/03-01-07-02-01-01-12.wav,3,1,1,1,12,7,2
data/Actor_12/03-01-07-02-01-02-12.wav,3,1,1,2,12,7,2
data/Actor_12/03-01-07-02-02-01-12.wav,3,1,2,1,12,7,2
data/Actor_12/03-01-07-02-02-02-12.wav,3,1,2,2,12,7,2
data/Actor_12/03-01-08-01-01-01-12.wav,3,1,1,1,12,8,1
data/Actor_12/03-01-08-01-01-02-12.wav,3,1,1,2,12,8,1
data/Actor_12/03-01-08-01-02-01-12.wav,3,1,2,1,12,8,1
data/Actor_12/03-01-08-01-02-02-12.wav,3,1,2,2,12,8,1
data/Actor_12/03-01-08-02-01-01-12.wav,3,1,1,1,12,8,2
data/Actor_12/03-01-08-02-01-02-12.wav,3,1,1,2,12,8,2
data/Actor_12/03-01-08-02-02-01-12.wav,3,1,2,1,12,8,2
data/Actor_12/03-01-08-02-02-02-12.wav,3,1,2,2,12,8,2
data/Actor_13/03-01-01-01-01-01-13.wav,3,1,1,1,13,1,1
data/Actor_13/03-01-01-01-01-02-13.wav,3,1,1,2,13,1,1
data/Actor_13/03-01-01-01-02-01-13.wav,3,1,2,1,13,1,1
data/Actor_13/03-01-01-01-02-02-13.wav,3,1,2,2,13,1,1
data/Actor_13/03-01-02-01-01-01-13.wav,3,1,1,1,13,2,1
data/Actor_13/03-01-02-01-01-02-13.wav,3,1,1,2,13,2,1
data/Actor_13/03-01-02-01-02-01-13.wav,3,1,2,1,13,2,1
data/Actor_13/03-01-02-01-02-02-13.wav,3,1,2,2,13,2,1
data/Actor_13/03-01-02-02-01-01-13.wav,3,1,1,1,13,2,2
data/Actor_13/03-01-02-02-01-02-13.wav,3,1,1,2,13,2,2
data/Actor_13/03-01-02-02-02-01-13.wav,3,1,2,1,13,2,2
data/Actor_13/03-01-02-02-02-02-13.wav,3,1,2,2,13,2,2
data/Actor_13/03-01-03-01-01-01-13.wav,3,1,1,1,13,3,1
data/Actor_13/03-01-03-01-01-02-13.wav,3,1,1,2,13,3,1
data/Actor_13/03-01-03-01-02-01-13.wav,3,1,2,1,13,3,1
data/Actor_13/03-01-03-01-02-02-13.wav,3,1,2,2,13,3,1
data/Actor_13/03-01-03-02-01-01-13.wav,3,1,1,1,13,3,2
data/Actor_13/03-01-03-02-01-02-13.wav,3,1,1,2,13,3,2
data/Actor_13/03-01-03-02-02-01-13.wav,3,1,2,1,13,3,2
data/Actor_13/03-01-03-02-02-02-13.wav,3,1,2,2,13,3,2
data/Actor_13/03-01-04-01-01-01-13.wav,3,1,1,1,13,4,1
data/Actor_13/03-01-04-01-01-02-13.wav,3,1,1,2,13,4,1
data/Actor_13/03-01-04-01-02-01-13.wav,3,1,2,1,13,4,1
data/Actor_13/03-01-04-01-02-02-13.wav,3,1,2,2,13,4,1
data/Actor_13/03-01-04-02-01-01-13.wav,3,1,1,1,13,4,2
data/Actor_13/03-01-04-02-01-02-13.wav,3,1,1,2,13,4,2
data/Actor_13/03-01-04-02-02-01-13.wav,3,1,2,1,13,4,2
data/Actor_13/03-01-04-02-02-02-13.wav,3,1,2,2,13,4,2
data/Actor_13/03-01-05-01-01-01-13.wav,3,1,1,1,13,5,1
data/Actor_13/03-01-05-01-01-02-13.wav,3,1,1,2,13,5,1
data/Actor_13/03-01-05-01-02-01-13.wav,3,1,2,1,13,5,1
data/Actor_13/03-01-05-01-02-02-13.wav,3,1,2,2,13,5,1
data/Actor_13/03-01-05-02-01-01-13.wav,3,1,1,1,13,5,2
data/Actor_13/03-01-05-02-01-02-13.wav,3,1,1,2,13,5,2
data/Actor_13/03-01-05-02-02-01-13.wav,3,1,2,1,13,5,2
data/Actor_13/03-01-05-02-02-02-13.wav,3,1,2,2,13,5,2
data/Actor_13/03-01-06-01-01-01-13.wav,3,1,1,1,13,6,1
data/Actor_13/03-01-06-01-01-02-13.wav,3,1,1,2,13,6,1
data/Actor_13/03-01-06-01-02-01-13.wav,3,1,2,1,13,6,1
data/Actor_13/03-01-06-01-02-02-13.wav,3,1,2,2,13,6,1
data/Actor_13/03-01-06-02-01-01-13.wav,3,1,1,1,13,6,2
data/Actor_13/03-01-06-02-01-02-13.wav,3,1,1,2,13,6,2
data/Actor_13/03-01-06-02-02-01-13.wav,3,1,2,1,13,6,2
data/Actor_13/03-01-06-02-02-02-13.wav,3,1,2,2,13,6,2
data/Actor_13/03-01-07-01-01-01-13.wav,3,1,1,1,13,7,1
data/Actor_13/03-01-07-01-01-02-13.wav,3,1,1,2,13,7,1
data/Actor_13/03-01-07-01-02-01-13.wav,3,1,2,1,13,7,1
data/Actor_13/03-01-07-01-02-02-13.wav,3,1,2,2,13,7,1
data/Actor_13/03-01-07-02-01-01-13.wav,3,1,1,1,13,7,2
data/Actor_13/03-01-07-02-01-02-13.wav,3,1,1,2,13,7,2
data/Actor_13/03-01-07-02-02-01-13.wav,3,1,2,1,13,7,2
data/Actor_13/03-01-07-02-02-02-13.wav,3,1,2,2,13,7,2
data/Actor_13/03-01-08-01-01-01-13.wav,3,1,1,1,13,8,1
data/Actor_13/03-01-08-01-01-02-13.wav,3,1,1,2,13,8,1
data/Actor_13/03-01-08-01-02-01-13.wav,3,1,2,1,13,8,1
data/Actor_13/03-01-08-01-02-02-13.wav,3,1,2,2,13,8,1
data/Actor_13/03-01-08-02-01-01-13.wav,3,1,1,1,13,8,2
data/Actor_13/03-01-08-02-01-02-13.wav,3,1,1,2,13,8,2
data/Actor_13/03-01-08-02-02-01-13.wav,3,1,2,1,13,8,2
data/Actor_13/03-01-08-02-02-02-13.wav,3,1,2,2,13,8,2
data/Actor_14/03-01-01-01-01-01-14.wav,3,1,1,1,14,1,1
data/Actor_14/03-01-01-01-01-02-14.wav,3,1,1,2,14,1,1
data/Actor_14/03-01-01-01-02-01-14.wav,3,1,2,1,14,1,1
data/Actor_14/03-01-01-01-02-02-14.wav,3,1,2,2,14,1,1
data/Actor_14/03-01-02-01-01-01-14.wav,3,1,1,1,14,2,1
data/Actor_14/03-01-02-01-01-02-14.wav,3,1,1,2,14,2,1
data/Actor_14/03-01-02-01-02-01-14.wav,3,1,2,1,14,2,1
data/Actor_14/03-01-02-01-02-02-14.wav,3,1,2,2,14,2,1
data/Actor_14/03-01-02-02-01-01-14.wav,3,1,1,1,14,2,2
data/Actor_14/03-01-02-02-01-02-14.wav,3,1,1,2,14,2,2
data/Actor_14/03-01-02-02-02-01-14.wav,3,1,2,1,14,2,2
data/Actor_14/03-01-02-02-02-02-14.wav,3,1,2,2,14,2,2
data/Actor_14/03-01-03-01-01-01-14.wav,3,1,1,1,14,3,1
data/Actor_14/03-01-03-01-01-02-14.wav,3,1,1,2,14,3,1
data/Actor_14/03-01-03-01-02-01-14.wav,3,1,2,1,14,3,1
data/Actor_14/03-01-03-01-02-02-14.wav,3,1,2,2,14,3,1
data/Actor_14/03-01-03-02-01-01-14.wav,3,1,1,1,14,3,2
data/Actor_14/03-01-03-02-01-02-14.wav,3,1,1,2,14,3,2
data/Actor_14/03-01-03-02-02-01-14.wav,3,1,2,1,14,3,2
data/Actor_14/03-01-03-02-02-02-14.wav,3,1,2,2,14,3,2
data/Actor_14/03-01-04-01-01-01-14.wav,3,1,1,1,14,4,1
data/Actor_14/03-01-04-01-01-02-14.wav,3,1,1,2,14,4,1
data/Actor_14/03-01-04-01-02-01-14.wav,3,1,2,1,14,4,1
data/Actor_14/03-01-04-01-02-02-14.wav,3,1,2,2,14,4,1
data/Actor_14/03-01-04-02-01-01-14.wav,3,1,1,1,14,4,2
data/Actor_14/03-01-04-02-01-02-14.wav,3,1,1,2,14,4,2
data/Actor_14/03-01-04-02-02-01-14.wav,3,1,2,1,14,4,2
data/Actor_14/03-01-04-02-02-02-14.wav,3,1,2,2,14,4,2
data/Actor_14/03-01-05-01-01-01-14.wav,3,1,1,1,14,5,1
data/Actor_14/03-01-05-01-01-02-14.wav,3,1,1,2,14,5,1
data/Actor_14/03-01-05-01-02-01-14.wav,3,1,2,1,14,5,1
data/Actor_14/03-01-05-01-02-02-14.wav,3,1,2,2,14,5,1
data/Actor_14/03-01-05-02-01-01-14.wav,3,1,1,1,14,5,2
data/Actor_14/03-01-05-02-01-02-14.wav,3,1,1,2,14,5,2
data/Actor_14/03-01-05-02-02-01-14.wav,3,1,2,1,14,5,2
data/Actor_14/03-01-05-02-02-02-14.wav,3,1,2,2,14,5,2
data/Actor_14/03-01-06-01-01-01-14.wav,3,1,1,1,14,6,1
data/Actor_14/03-01-06-01-01-02-14.wav,3,1,1,2,14,6,1
data/Actor_14/03-01-06-01-02-01-14.wav,3,1,2,1,14,6,1
data/Actor_14/03-01-06-01-02-02-14.wav,3,1,2,2,14,6,1
data/Actor_14/03-01-06-02-01-01-14.wav,3,1,1,1,14,6,2
data/Actor_14/03-01-06-02-01-02-14.wav,3,1,1,2,14,6,2
data/Actor_14/03-01-06-02-02-01-14.wav,3,1,2,1,14,6,2
data/Actor_14/03-01-06-02-02-02-14.wav,3,1,2,2,14,6,2
data/Actor_14/03-01-07-01-01-01-14.wav,3,1,1,1,14,7,1
data/Actor_14/03-01-07-01-01-02-14.wav,3,1,1,2,14,7,1
data/Actor_14/03-01-07-01-02-01-14.wav,3,1,2,1,14,7,1
data/Actor_14/03-01-07-01-02-02-14.wav,3,1,2,2,14,7,1
data/Actor_14/03-01-07-02-01-01-14.wav,3,1,1,1,14,7,2
data/Actor_14/03-01-07-02-01-02-14.wav,3,1,1,2,14,7,2
data/Actor_14/03-01-07-02-02-01-14.wav,3,1,2,1,14,7,2
data/Actor_14/03-01-07-02-02-02-14.wav,3,1,2,2,14,7,2
data/Actor_14/03-01-08-01-01-01-14.wav,3,1,1,1,14,8,1
data/Actor_14/03-01-08-01-01-02-14.wav,3,1,1,2,14,8,1
data/Actor_14/03-01-08-01-02-01-14.wav,3,1,2,1,14,8,1
data/Actor_14/03-01-08-01-02-02-14.wav,3,1,2,2,14,8,1
data/Actor_14/03-01-08-02-01-01-14.wav,3,1,1,1,14,8,2
data/Actor_14/03-01-08-02-01-02-14.wav,3,1,1,2,14,8,2
data/Actor_14/03-01-08-02-02-01-14.wav,3,1,2,1,14,8,2
data/Actor_14/03-01-08-02-02-02-14.wav,3,1,2,2,14,8,2
data/Actor_15/03-01-01-01-01-01-15.wav,3,1,1,1,15,1,1
data/Actor_15/03-01-01-01-01-02-15.wav,3,1,1,2,15,1,1
data/Actor_15/03-01-01-01-02-01-15.wav,3,1,2,1,15,1,1
data/Actor_15/03-01-01-01-02-02-15.wav,3,1,2,2,15,1,1
data/Actor_15/03-01-02-01-01-01-15.wav,3,1,1,1,15,2,1
data/Actor_15/03-01-02-01-01-02-15.wav,3,1,1,2,15,2,1
data/Actor_15/03-01-02-01-02-01-15.wav,3,1,2,1,15,2,1
data/Actor_15/03-01-02-01-02-02-15.wav,3,1,2,2,15,2,1
data/Actor_15/03-01-02-02-01-01-15.wav,3,1,1,1,15,2,2
data/Actor_15/03-01-02-02-01-02-15.wav,3,1,1,2,15,2,2
data/Actor_15/03-01-02-02-02-01-15.wav,3,1,2,1,15,2,2
data/Actor_15/03-01-02-02-02-02-15.wav,3,1,2,2,15,2,2
data/Actor_15/03-01-03-01-01-01-15.wav,3,1,1,1,15,3,1
data/Actor_15/03-01-03-01-01-02-15.wav,3,1,1,2,15,3,1
data/Actor_15/03-01-03-01-02-01-15.wav,3,1,2,1,15,3,1
data/Actor_15/03-01-03-01-02-02-15.wav,3,1,2,2,15,3,1
data/Actor_15/03-01-03-02-01-01-15.wav,3,1,1,1,15,3,2
data/Actor_15/03-01-03-02-01-02-15.wav,3,1,1,2,15,3,2
data/Actor_15/03-01-03-02-02-01-15.wav,3,1,2,1,15,3,2
data/Actor_15/03-01-03-02-02-02-15.wav,3,1,2,2,15,3,2
data/Actor_15/03-01-04-01-01-01-15.wav,3,1,1,1,15,4,1
data/Actor_15/03-01-04-01-01-02-15.wav,3,1,1,2,15,4,1
data/Actor_15/03-01-04-01-02-01-15.wav,3,1,2,1,15,4,1
data/Actor_15/03-01-04-01-02-02-15.wav,3,1,2,2,15,4,1
data/Actor_15/03-01-04-02-01-01-15.wav,3,1,1,1,15,4,2
data/Actor_15/03-01-04-02-01-02-15.wav,3,1,1,2,15,4,2
data/Actor_15/03-01-04-02-02-01-15.wav,3,1,2,1,15,4,2
data/Actor_15/03-01-04-02-02-02-15.wav,3,1,2,2,15,4,2
data/Actor_15/03-01-05-01-01-01-15.wav,3,1,1,1,15,5,1
data/Actor_15/03-01-05-01-01-02-15.wav,3,1,1,2,15,5,1
data/Actor_15/03-01-05-01-02-01-15.wav,3,1,2,1,15,5,1
data/Actor_15/03-01-05-01-02-02-15.wav,3,1,2,2,15,5,1
data/Actor_15/03-01-05-02-01-01-15.wav,3,1,1,1,15,5,2
data/Actor_15/03-01-05-02-01-02-15.wav,3,1,1,2,15,5,2
data/Actor_15/03-01-05-02-02-01-15.wav,3,1,2,1,15,5,2
data/Actor_15/03-01-05-02-02-02-15.wav,3,1,2,2,15,5,2
data/Actor_15/03-01-06-01-01-01-15.wav,3,1,1,1,15,6,1
data/Actor_15/03-01-06-01-01-02-15.wav,3,1,1,2,15,6,1
data/Actor_15/03-01-06-01-02-01-15.wav,3,1,2,1,15,6,1
data/Actor_15/03-01-06-01-02-02-15.wav,3,1,2,2,15,6,1
data/Actor_15/03-01-06-02-01-01-15.wav,3,1,1,1,15,6,2
data/Actor_15/03-01-06-02-01-02-15.wav,3,1,1,2,15,6,2
data/Actor_15/03-01-06-02-02-01-15.wav,3,1,2,1,15,6,2
data/Actor_15/03-01-06-02-02-02-15.wav,3,1,2,2,15,6,2
data/Actor_15/03-01-07-01-01-01-15.wav,3,1,1,1,15,7,1
data/Actor_15/03-01-07-01-01-02-15.wav,3,1,1,2,15,7,1
data/Actor_15/03-01-07-01-02-01-15.wav,3,1,2,1,15,7,1
data/Actor_15/03-01-07-01-02-02-15.wav,3,1,2,2,15,7,1
data/Actor_15/03-01-07-02-01-01-15.wav,3,1,1,1,15,7,2
data/Actor_15/03-01-07-02-01-02-15.wav,3,1,1,2,15,7,2
data/Actor_15/03-01-07-02-02-01-15.wav,3,1,2,1,15,7,2
data/Actor_15/03-01-07-02-02-02-15.wav,3,1,2,2,15,7,2
data/Actor_15/03-01-08-01-01-01-15.wav,3,1,1,1,15,8,1
data/Actor_15/03-01-08-01-01-02-15.wav,3,1,1,2,15,8,1
data/Actor_15/03-01-08-01-02-01-15.wav,3,1,2,1,15,8,1
data/Actor_15/03-01-08-01-02-02-15.wav,3,1,2,2,15,8,1
data/Actor_15/03-01-08-02-01-01-15.wav,3,1,1,1,15,8,2
data/Actor_15/03-01-08-02-01-02-15.wav,3,1,1,2,15,8,2
data/Actor_15/03-01-08-02-02-01-15.wav,3,1,2,1,15,8,2
data/Actor_15/03-01-08-02-02-02-15.wav,3,1,2,2,15,8,2
data/Actor_16/03-01-01-01-01-01-16.wav,3,1,1,1,16,1,1
data/Actor_16/03-01-01-01-01-02-16.wav,3,1,1,2,16,1,1
data/Actor_16/03-01-01-01-02-01-16.wav,3,1,2,1,16,1,1
data/Actor_16/03-01-01-01-02-02-16.wav,3,1,2,2,16,1,1
data/Actor_16/03-01-02-01-01-01-16.wav,3,1,1,1,16,2,1
data/Actor_16/03-01-02-01-01-02-16.wav,3,1,1,2,16,2,1
data/Actor_16/03-01-02-01-02-01-16.wav,3,1,2,1,16,2,1
data/Actor_16/03-01-02-01-02-02-16.wav,3,1,2,2,16,2,1
data/Actor_16/03-01-02-02-01-01-16.wav,3,1,1,1,16,2,2
data/Actor_16/03-01-02-02-01-02-16.wav,3,1,1,2,16,2,2
data/Actor_16/03-01-02-02-02-01-16.wav,3,1,2,1,16,2,2
data/Actor_16/03-01-02-02-02-02-16.wav,3,1,2,2,16,2,2
data/Actor_16/03-01-03-01-01-01-16.wav,3,1,1,1,16,3,1
data/Actor_16/03-01-03-01-01-02-16.wav,3,1,1,2,16,3,1
data/Actor_16/03-01-03-01-02-01-16.wav,3,1,2,1,16,3,1
data/Actor_16/03-01-03-01-02-02-16.wav,3,1,2,2,16,3,1
data/Actor_16/03-01-03-02-01-01-16.wav,3,1,1,1,16,3,2
data/Actor_16/03-01-03-02-01-02-16.wav,3,1,1,2,16,3,2
data/Actor_16/03-01-03-02-02-01-16.wav,3,1,2,1,16,3,2
data/Actor_16/03-01-03-02-02-02-16.wav,3,1,2,2,16,3,2
data/Actor_16/03-01-04-01-01-01-16.wav,3,1,1,1,16,4,1
data/Actor_16/03-01-04-01-01-02-16.wav,3,1,1,2,16,4,1
data/Actor_16/03-01-04-01-02-01-16.wav,3,1,2,1,16,4,1
data/Actor_16/03-01-04-01-02-02-16.wav,3,1,2,2,16,4,1
data/Actor_16/03-01-04-02-01-01-16.wav,3,1,1,1,16,4,2
data/Actor_16/03-01-04-02-01-02-16.wav,3,1,1,2,16,4,2
data/Actor_16/03-01-04-02-02-01-16.wav,3,1,2,1,16,4,2
data/Actor_16/03-01-04-02-02-02-16.wav,3,1,2,2,16,4,2
data/Actor_16/03-01-05-01-01-01-16.wav,3,1,1,1,16,5,1
data/Actor_16/03-01-05-01-01-02-16.wav,3,1,1,2,16,5,1
data/Actor_16/03-01-05-01-02-01-16.wav,3,1,2,1,16,5,1
data/Actor_16/03-01-05-01-02-02-16.wav,3,1,2,2,16,5,1
data/Actor_16/03-01-05-02-01-01-16.wav,3,1,1,1,16,5,2
data/Actor_16/03-01-05-02-01-02-16.wav,3,1,1,2,16,5,2
data/Actor_16/03-01-05-02-02-01-16.wav,3,1,2,1,16,5,2
data/Actor_16/03-01-05-02-02-02-16.wav,3,1,2,2,16,5,2
data/Actor_16/03-01-06-01-01-01-16.wav,3,1,1,1,16,6,1
data/Actor_16/03-01-06-01-01-02-16.wav,3,1,1,2,16,6,1
data/Actor_16/03-01-06-01-02-01-16.wav,3,1,2,1,16,6,1
data/Actor_16/03-01-06-01-02-02-16.wav,3,1,2,2,16,6,1
data/Actor_16/03-01-06-02-01-01-16.wav,3,1,1,1,16,6,2
data/Actor_16/03-01-06-02-01-02-16.wav,3,1,1,2,16,6,2
data/Actor_16/03-01-06-02-02-01-16.wav,3,1,2,1,16,6,2
data/Actor_16/03-01-06-02-02-02-16.wav,3,1,2,2,16,6,2
data/Actor_16/03-01-07-01-01-01-16.wav,3,1,1,1,16,7,1
data/Actor_16/03-01-07-01-01-02-16.wav,3,1,1,2,16,7,1
data/Actor_16/03-01-07-01-02-01-16.wav,3,1,2,1,16,7,1
data/Actor_16/03-01-07-01-02-02-16.wav,3,1,2,2,16,7,1
data/Actor_16/03-01-07-02-01-01-16.wav,3,1,1,1,16,7,2
data/Actor_16/03-01-07-02-01-02-16.wav,3,1,1,2,16,7,2
data/Actor_16/03-01-07-02-02-01-16.wav,3,1,2,1,16,7,2
data/Actor_16/03-01-07-02-02-02-16.wav,3,1,2,2,16,7,2
data/Actor_16/03-01-08-01-01-01-16.wav,3,1,1,1,16,8,1
data/Actor_16/03-01-08-01-01-02-16.wav,3,1,1,2,16,8,1
data/Actor_16/03-01-08-01-02-01-16.wav,3,1,2,1,16,8,1
data/Actor_16/03-01-08-01-02-02-16.wav,3,1,2,2,16,8,1
data/Actor_16/03-01-08-02-01-01-16.wav,3,1,1,1,16,8,2
data/Actor_16/03-01-08-02-01-02-16.wav,3,1,1,2,16,8,2
data/Actor_16/03-01-08-02-02-01-16.wav,3,1,2,1,16,8,2
data/Actor_16/03-01-08-02-02-02-16.wav,3,1,2,2,16,8,2
data/Actor_17/03-01-01-01-01-01-17.wav,3,1,1,1,17,1,1
data/Actor_17/03-01-01-01-01-02-17.wav,3,1,1,2,17,1,1
data/Actor_17/03-01-01-01-02-01-17.wav,3,1,2,1,17,1,1
data/Actor_17/03-01-01-01-02-02-17.wav,3,1,2,2,17,1,1
data/Actor_17/03-01-02-01-01-01-17.wav,3,1,1,1,17,2,1
data/Actor_17/03-01-02-01-01-02-17.wav,3,1,1,2,17,2,1
data/Actor_17/03-01-02-01-02-01-17.wav,3,1,2,1,17,2,1
data/Actor_17/03-01-02-01-02-02-17.wav,3,1,2,2,17,2,1
data/Actor_17/03-01-02-02-01-01-17.wav,3,1,1,1,17,2,2
data/Actor_17/03-01-02-02-01-02-17.wav,3,1,1,2,17,2,2
data/Actor_17/03-01-02-02-02-01-17.wav,3,1,2,1,17,2,2
data/Actor_17/03-01-02-02-02-02-17.wav,3,1,2,2,17,2,2
data/Actor_17/03-01-03-01-01-01-17.wav,3,1,1,1,17,3,1
data/Actor_17/03-01-03-01-01-02-17.wav,3,1,1,2,17,3,1
data/Actor_17/03-01-03-01-02-01-17.wav,3,1,2,1,17,3,1
data/Actor_17/03-01-03-01-02-02-17.wav,3,1,2,2,17,3,1
data/Actor_17/03-01-03-02-01-01-17.wav,3,1,1,1,17,3,2
data/Actor_17/03-01-03-02-01-02-17.wav,3,1,1,2,17,3,2
data/Actor_17/03-01-03-02-02-01-17.wav,3,1,2,1,17,3,2
data/Actor_17/03-01-03-02-02-02-17.wav,3,1,2,2,17,3,2
data/Actor_17/03-01-04-01-01-01-17.wav,3,1,1,1,17,4,1
data/Actor_17/03-01-04-01-01-02-17.wav,3,1,1,2,17,4,1
data/Actor_17/03-01-04-01-02-01-17.wav,3,1,2,1,17,4,1
data/Actor_17/03-01-04-01-02-02-17.wav,3,1,2,2,17,4,1
data/Actor_17/03-01-04-02-01-01-17.wav,3,1,1,1,17,4,2
data/Actor_17/03-01-04-02-01-02-17.wav,3,1,1,2,17,4,2
data/Actor_17/03-01-04-02-02-01-17.wav,3,1,2,1,17,4,2
data/Actor_17/03-01-04-02-02-02-17.wav,3,1,2,2,17,4,2
data/Actor_17/03-01-05-01-01-01-17.wav,3,1,1,1,17,5,1
data/Actor_17/03-01-05-01-01-02-17.wav,3,1,1,2,17,5,1
data/Actor_17/03-01-05-01-02-01-17.wav,3,1,2,1,17,5,1
data/Actor_17/03-01-05-01-02-02-17.wav,3,1,2,2,17,5,1
data/Actor_17/03-01-05-02-01-01-17.wav,3,1,1,1,17,5,2
data/Actor_17/03-01-05-02-01-02-17.wav,3,1,1,2,17,5,2
data/Actor_17/03-01-05-02-02-01-17.wav,3,1,2,1,17,5,2
data/Actor_17/03-01-05-02-02-02-17.wav,3,1,2,2,17,5,2
data/Actor_17/03-01-06-01-01-01-17.wav,3,1,1,1,17,6,1
data/Actor_17/03-01-06-01-01-02-17.wav,3,1,1,2,17,6,1
data/Actor_17/03-01-06-01-02-01-17.wav,3,1,2,1,17,6,1
data/Actor_17/03-01-06-01-02-02-17.wav,3,1,2,2,17,6,1
data/Actor_17/03-01-06-02-01-01-17.wav,3,1,1,1,17,6,2
data/Actor_17/03-01-06-02-01-02-17.wav,3,1,1,2,17,6,2
data/Actor_17/03-01-06-02-02-01-17.wav,3,1,2,1,17,6,2
data/Actor_17/03-01-06-02-02-02-17.wav,3,1,2,2,17,6,2
data/Actor_17/03-01-07-01-01-01-17.wav,3,1,1,1,17,7,1
data/Actor_17/03-01-07-01-01-02-17.wav,3,1,1,2,17,7,1
data/Actor_17/03-01-07-01-02-01-17.wav,3,1,2,1,17,7,1
data/Actor_17/03-01-07-01-02-02-17.wav,3,1,2,2,17,7,1
data/Actor_17/03-01-07-02-01-01-17.wav,3,1,1,1,17,7,2
data/Actor_17/03-01-07-02-01-02-17.wav,3,1,1,2,17,7,2
data/Actor_17/03-01-07-02-02-01-17.wav,3,1,2,1,17,7,2
data/Actor_17/03-01-07-02-02-02-17.wav,3,1,2,2,17,7,2
data/Actor_17/03-01-08-01-01-01-17.wav,3,1,1,1,17,8,1
data/Actor_17/03-01-08-01-01-02-17.wav,3,1,1,2,17,8,1
data/Actor_17/03-01-08-01-02-01-17.wav,3,1,2,1,17,8,1
data/Actor_17/03-01-08-01-02-02-17.wav,3,1,2,2,17,8,1
data/Actor_17/03-01-08-02-01-01-17.wav,3,1,1,1,17,8,2
data/Actor_17/03-01-08-02-01-02-17.wav,3,1,1,2,17,8,2
data/Actor_17/03-01-08-02-02-01-17.wav,3,1,2,1,17,8,2
data/Actor_17/03-01-08-02-02-02-17.wav,3,1,2,2,17,8,2
data/Actor_18/03-01-01-01-01-01-18.wav,3,1,1,1,18,1,1
data/Actor_18/03-01-01-01-01-02-18.wav,3,1,1,2,18,1,1
data/Actor_18/03-01-01-01-02-01-18.wav,3,1,2,1,18,1,1
data/Actor_18/03-01-01-01-02-02-18.wav,3,1,2,2,18,1,1
data/Actor_18/03-01-02-01-01-01-18.wav,3,1,1,1,18,2,1
data/Actor_18/03-01-02-01-01-02-18.wav,3,1,1,2,18,2,1
data/Actor_18/03-01-02-01-02-01-18.wav,3,1,2,1,18,2,1
data/Actor_18/03-01-02-01-02-02-18.wav,3,1,2,2,18,2,1
data/Actor_18/03-01-02-02-01-01-18.wav,3,1,1,1,18,2,2
data/Actor_18/03-01-02-02-01-02-18.wav,3,1,1,2,18,2,2
data/Actor_18/03-01-02-02-02-01-18.wav,3,1,2,1,18,2,2
data/Actor_18/03-01-02-02-02-02-18.wav,3,1,2,2,18,2,2
data/Actor_18/03-01-03-01-01-01-18.wav,3,1,1,1,18,3,1
data/Actor_18/03-01-03-01-01-02-18.wav,3,1,1,2,18,3,1
data/Actor_18/03-01-03-01-02-01-18.wav,3,1,2,1,18,3,1
data/Actor_18/03-01-03-01-02-02-18.wav,3,1,2,2,18,3,1
data/Actor_18/03-01-03-02-01-01-18.wav,3,1,1,1,18,3,2
data/Actor_18/03-01-03-02-01-02-18.wav,3,1,1,2,18,3,2
data/Actor_18/03-01-03-02-02-01-18.wav,3,1,2,1,18,3,2
data/Actor_18/03-01-03-02-02-02-18.wav,3,1,2,2,18,3,2
data/Actor_18/03-01-04-01-01-01-18.wav,3,1,1,1,18,4,1
data/Actor_18/03-01-04-01-01-02-18.wav,3,1,1,2,18,4,1
data/Actor_18/03-01-04-01-02-01-18.wav,3,1,2,1,18,4,1
data/Actor_18/03-01-04-01-02-02-18.wav,3,1,2,2,18,4,1
data/Actor_18/03-01-04-02-01-01-18.wav,3,1,1,1,18,4,2
data/Actor_18/03-01-04-02-01-02-18.wav,3,1,1,2,18,4,2
data/Actor_18/03-01-04-02-02-01-18.wav,3,1,2,1,18,4,2
data/Actor_18/03-01-04-02-02-02-18.wav,3,1,2,2,18,4,2
data/Actor_18/03-01-05-01-01-01-18.wav,3,1,1,1,18,5,1
data/Actor_18/03-01-05-01-01-02-18.wav,3,1,1,2,18,5,1
data/Actor_18/03-01-05-01-02-01-18.wav,3,1,2,1,18,5,1
data/Actor_18/03-01-05-01-02-02-18.wav,3,1,2,2,18,5,1
data/Actor_18/03-01-05-02-01-01-18.wav,3,1,1,1,18,5,2
data/Actor_18/03-01-05-02-01-02-18.wav,3,1,1,2,18,5,2
data/Actor_18/03-01-05-02-02-01-18.wav,3,1,2,1,18,5,2
data/Actor_18/03-01-05-02-02-02-18.wav,3,1,2,2,18,5,2
data/Actor_18/03-01-06-01-01-01-18.wav,3,1,1,1,18,6,1
data/Actor_18/03-01-06-01-01-02-18.wav,3,1,1,2,18,6,1
data/Actor_18/03-01-06-01-02-01-18.wav,3,1,2,1,18,6,1
data/Actor_18/03-01-06-01-02-02-18.wav,3,1,2,2,18,6,1
data/Actor_18/03-01-06-02-01-01-18.wav,3,1,1,1,18,6,2
data/Actor_18/03-01-06-02-01-02-18.wav,3,1,1,2,18,6,2
data/Actor_18/03-01-06-02-02-01-18.wav,3,1,2,1,18,6,2
data/Actor_18/03-01-06-02-02-02-18.wav,3,1,2,2,18,6,2
data/Actor_18/03-01-07-01-01-01-18.wav,3,1,1,1,18,7,1
data/Actor_18/03-01-07-01-01-02-18.wav,3,1,1,2,18,7,1
data/Actor_18/03-01-07-01-02-01-18.wav,3,1,2,1,18,7,1
data/Actor_18/03-01-07-01-02-02-18.wav,3,1,2,2,18,7,1
data/Actor_18/03-01-07-02-01-01-18.wav,3,1,1,1,18,7,2
data/Actor_18/03-01-07-02-01-02-18.wav,3,1,1,2,18,7,2
data/Actor_18/03-01-07-02-02-01-18.wav,3,1,2,1,18,7,2
data/Actor_18/03-01-07-02-02-02-18.wav,3,1,2,2,18,7,2
data/Actor_18/03-01-08-01-01-01-18.wav,3,1,1,1,18,8,1
data/Actor_18/03-01-08-01-01-02-18.wav,3,1,1,2,18,8,1
data/Actor_18/03-01-08-01-02-01-18.wav,3,1,2,1,18,8,1
data/Actor_18/03-01-08-01-02-02-18.wav,3,1,2,2,18,8,1
data/Actor_18/03-01-08-02-01-01-18.wav,3,1,1,1,18,8,2
data/Actor_18/03-01-08-02-01-02-18.wav,3,1,1,2,18,8,2
data/Actor_18/03-01-08-02-02-01-18.wav,3,1,2,1,18,8,2
data/Actor_18/03-01-08-02-02-02-18.wav,3,1,2,2,18,8,2
data/Actor_19/03-01-01-01-01-01-19.wav,3,1,1,1,19,1,1
data/Actor_19/03-01-01-01-01-02-19.wav,3,1,1,2,19,1,1
data/Actor_19/03-01-01-01-02-01-19.wav,3,1,2,1,19,1,1
data/Actor_19/03-01-01-01-02-02-19.wav,3,1,2,2,19,1,1
data/Actor_19/03-01-02-01-01-01-19.wav,3,1,1,1,19,2,1
data/Actor_19/03-01-02-01-01-02-19.wav,3,1,1,2,19,2,1
data/Actor_19/03-01-02-01-02-01-19.wav,3,1,2,1,19,2,1
data/Actor_19/03-01-02-01-02-02-19.wav,3,1,2,2,19,2,1
data/Actor_19/03-01-02-02-01-01-19.wav,3,1,1,1,19,2,2
data/Actor_19/03-01-02-02-01-02-19.wav,3,1,1,2,19,2,2
data/Actor_19/03-01-02-02-02-01-19.wav,3,1,2,1,19,2,2
data/Actor_19/03-01-02-02-02-02-19.wav,3,1,2,2,19,2,2
data/Actor_19/03-01-03-01-01-01-19.wav,3,1,1,1,19,3,1
data/Actor_19/03-01-03-01-01-02-19.wav,3,1,1,2,19,3,1
data/Actor_19/03-01-03-01-02-01-19.wav,3,1,2,1,19,3,1
data/Actor_19/03-01-03-01-02-02-19.wav,3,1,2,2,19,3,1
data/Actor_19/03-01-03-02-01-01-19.wav,3,1,1,1,19,3,2
data/Actor_19/03-01-03-02-01-02-19.wav,3,1,1,2,19,3,2
data/Actor_19/03-01-03-02-02-01-19.wav,3,1,2,1,19,3,2
data/Actor_19/03-01-03-02-02-02-19.wav,3,1,2,2,19,3,2
data/Actor_19/03-01-04-01-01-01-19.wav,3,1,1,1,19,4,1
data/Actor_19/03-01-04-01-01-02-19.wav,3,1,1,2,19,4,1
data/Actor_19/03-01-04-01-02-01-19.wav,3,1,2,1,19,4,1
data/Actor_19/03-01-04-01-02-02-19.wav,3,1,2,2,19,4,1
data/Actor_19/03-01-04-02-01-01-19.wav,3,1,1,1,19,4,2
data/Actor_19/03-01-04-02-01-02-19.wav,3,1,1,2,19,4,2
data/Actor_19/03-01-04-02-02-01-19.wav,3,1,2,1,19,4,2
data/Actor_19/03-01-04-02-02-02-19.wav,3,1,2,2,19,4,2
data/Actor_19/03-01-05-01-01-01-19.wav,3,1,1,1,19,5,1
data/Actor_19/03-01-05-01-01-02-19.wav,3,1,1,2,19,5,1
data/Actor_19/03-01-05-01-02-01-19.wav,3,1,2,1,19,5,1
data/Actor_19/03-01-05-01-02-02-19.wav,3,1,2,2,19,5,1
data/Actor_19/03-01-05-02-01-01-19.wav,3,1,1,1,19,5,2
data/Actor_19/03-01-05-02-01-02-19.wav,3,1,1,2,19,5,2
data/Actor_19/03-01-05-02-02-01-19.wav,3,1,2,1,19,5,2
data/Actor_19/03-01-05-02-02-02-19.wav,3,1,2,2,19,5,2
data/Actor_19/03-01-06-01-01-01-19.wav,3,1,1,1,19,6,1
data/Actor_19/03-01-06-01-01-02-19.wav,3,1,1,2,19,6,1
data/Actor_19/03-01-06-01-02-01-19.wav,3,1,2,1,19,6,1
data/Actor_19/03-01-06-01-02-02-19.wav,3,1,2,2,19,6,1
data/Actor_19/03-01-06-02-01-01-19.wav,3,1,1,1,19,6,2
data/Actor_19/03-01-06-02-01-02-19.wav,3,1,1,2,19,6,2
data/Actor_19/03-01-06-02-02-01-19.wav,3,1,2,1,19,6,2
data/Actor_19/03-01-06-02-02-02-19.wav,3,1,2,2,19,6,2
data/Actor_19/03-01-07-01-01-01-19.wav,3,1,1,1,19,7,1
data/Actor_19/03-01-07-01-01-02-19.wav,3,1,1,2,19,7,1
data/Actor_19/03-01-07-01-02-01-19.wav,3,1,2,1,19,7,1
data/Actor_19/03-01-07-01-02-02-19.wav,3,1,2,2,19,7,1
data/Actor_19/03-01-07-02-01-01-19.wav,3,1,1,1,19,7,2
data/Actor_19/03-01-07-02-01-02-19.wav,3,1,1,2,19,7,2
data/Actor_19/03-01-07-02-02-01-19.wav,3,1,2,1,19,7,2
data/Actor_19/03-01-07-02-02-02-19.wav,3,1,2,2,19,7,2
data/Actor_19/03-01-08-01-01-01-19.wav,3,1,1,1,19,8,1
data/Actor_19/03-01-08-01-01-02-19.wav,3,1,1,2,19,8,1
data/Actor_19/03-01-08-01-02-01-19.wav,3,1,2,1,19,8,1
data/Actor_19/03-01-08-01-02-02-19.wav,3,1,2,2,19,8,1
data/Actor_19/03-01-08-02-01-01-19.wav,3,1,1,1,19,8,2
data/Actor_19/03-01-08-02-01-02-19.wav,3,1,1,2,19,8,2
data/Actor_19/03-01-08-02-02-01-19.wav,3,1,2,1,19,8,2
data/Actor_19/03-01-08-02-02-02-19.wav,3,1,2,2,19,8,2
data/Actor_20/03-01-01-01-01-01-20.wav,3,1,1,1,20,1,1
data/Actor_20/03-01-01-01-01-02-20.wav,3,1,1,2,20,1,1
data/Actor_20/03-01-01-01-02-01-20.wav,3,1,2,1,20,1,1
data/Actor_20/03-01-01-01-02-02-20.wav,3,1,2,2,20,1,1
data/Actor_20/03-01-02-01-01-01-20.wav,3,1,1,1,20,2,1
data/Actor_20/03-01-02-01-01-02-20.wav,3,1,1,2,20,2,1
data/Actor_20/03-01-02-01-02-01-20.wav,3,1,2,1,20,2,1
data/Actor_20/03-01-02-01-02-02-20.wav,3,1,2,2,20,2,1
data/Actor_20/03-01-02-02-01-01-20.wav,3,1,1,1,20,2,2
data/Actor_20/03-01-02-02-01-02-20.wav,3,1,1,2,20,2,2
data/Actor_20/03-01-02-02-02-01-20.wav,3,1,2,1,20,2,2
data/Actor_20/03-01-02-02-02-02-20.wav,3,1,2,2,20,2,2
data/Actor_20/03-01-03-01-01-01-20.wav,3,1,1,1,20,3,1
data/Actor_20/03-01-03-01-01-02-20.wav,3,1,1,2,20,3,1
data/Actor_20/03-01-03-01-02-01-20.wav,3,1,2,1,20,3,1
data/Actor_20/03-01-03-01-02-02-20.wav,3,1,2,2,20,3,1
data/Actor_20/03-01-03-02-01-01-20.wav,3,1,1,1,20,3,2
data/Actor_20/03-01-03-02-01-02-20.wav,3,1,1,2,20,3,2
data/Actor_20/03-01-03-02-02-01-20.wav,3,1,2,1,20,3,2
data/Actor_20/03-01-03-02-02-02-20.wav,3,1,2,2,20,3,2
data/Actor_20/03-01-04-01-01-01-20.wav,3,1,1,1,20,4,1
data/Actor_20/03-01-04-01-01-02-20.wav,3,1,1,2,20,4,1
data/Actor_20/03-01-04-01-02-01-20.wav,3,1,2,1,20,4,1
data/Actor_20/03-01-04-01-02-02-20.wav,3,1,2,2,20,4,1
data/Actor_20/03-01-04-02-01-01-20.wav,3,1,1,1,20,4,2
data/Actor_20/03-01-04-02-01-02-20.wav,3,1,1,2,20,4,2
data/Actor_20/03-01-04-02-02-01-20.wav,3,1,2,1,20,4,2
data/Actor_20/03-01-04-02-02-02-20.wav,3,1,2,2,20,4,2
data/Actor_20/03-01-05-01-01-01-20.wav,3,1,1,1,20,5,1
data/Actor_20/03-01-05-01-01-02-20.wav,3,1,1,2,20,5,1
data/Actor_20/03-01-05-01-02-01-20.wav,3,1,2,1,20,5,1
data/Actor_20/03-01-05-01-02-02-20.wav,3,1,2,2,20,5,1
data/Actor_20/03-01-05-02-01-01-20.wav,3,1,1,1,20,5,2
data/Actor_20/03-01-05-02-01-02-20.wav,3,1,1,2,20,5,2
data/Actor_20/03-01-05-02-02-01-20.wav,3,1,2,1,20,5,2
data/Actor_20/03-01-05-02-02-02-20.wav,3,1,2,2,20,5,2
data/Actor_20/03-01-06-01-01-01-20.wav,3,1,1,1,20,6,1
data/Actor_20/03-01-06-01-01-02-20.wav,3,1,1,2,20,6,1
data/Actor_20/03-01-06-01-02-01-20.wav,3,1,2,1,20,6,1
data/Actor_20/03-01-06-01-02-02-20.wav,3,1,2,2,20,6,1
data/Actor_20/03-01-06-02-01-01-20.wav,3,1,1,1,20,6,2
data/Actor_20/03-01-06-02-01-02-20.wav,3,1,1,2,20,6,2
data/Actor_20/03-01-06-02-02-01-20.wav,3,1,2,1,20,6,2
data/Actor_20/03-01-06-02-02-02-20.wav,3,1,2,2,20,6,2
data/Actor_20/03-01-07-01-01-01-20.wav,3,1,1,1,20,7,1
data/Actor_20/03-01-07-01-01-02-20.wav,3,1,1,2,20,7,1
data/Actor_20/03-01-07-01-02-01-20.wav,3,1,2,1,20,7,1
data/Actor_20/03-01-07-01-02-02-20.wav,3,1,2,2,20,7,1
data/Actor_20/03-01-07-02-01-01-20.wav,3,1,1,1,20,7,2
data/Actor_20/03-01-07-02-01-02-20.wav,3,1,1,2,20,7,2
data/Actor_20/03-01-07-02-02-01-20.wav,3,1,2,1,20,7,2
data/Actor_20/03-01-07-02-02-02-20.wav,3,1,2,2,20,7,2
data/Actor_20/03-01-08-01-01-01-20.wav,3,1,1,1,20,8,1
data/Actor_20/03-01-08-01-01-02-20.wav,3,1,1,2,20,8,1
data/Actor_20/03-01-08-01-02-01-20.wav,3,1,2,1,20,8,1
data/Actor_20/03-01-08-01-02-02-20.wav,3,1,2,2,20,8,1
data/Actor_20/03-01-08-02-01-01-20.wav,3,1,1,1,20,8,2
data/Actor_20/03-01-08-02-01-02-20.wav,3,1,1,2,20,8,2
data/Actor_20/03-01-08-02-02-01-20.wav,3,1,2,1,20,8,2
data/Actor_20/03-01-08-02-02-02-20.wav,3,1,2,2,20,8,2
data/Actor_21/03-01-01-01-01-01-21.wav,3,1,1,1,21,1,1
data/Actor_21/03-01-01-01-01-02-21.wav,3,1,1,2,21,1,1
data/Actor_21/03-01-01-01-02-01-21.wav,3,1,2,1,21,1,1
data/Actor_21/03-01-01-01-02-02-21.wav,3,1,2,2,21,1,1
data/Actor_21/03-01-02-01-01-01-21.wav,3,1,1,1,21,2,1
data/Actor_21/03-01-02-01-01-02-21.wav,3,1,1,2,21,2,1
data/Actor_21/03-01-02-01-02-01-21.wav,3,1,2,1,21,2,1
data/Actor_21/03-01-02-01-02-02-21.wav,3,1,2,2,21,2,1
data/Actor_21/03-01-02-02-01-01-21.wav,3,1,1,1,21,2,2
data/Actor_21/03-01-02-02-01-02-21.wav,3,1,1,2,21,2,2
data/Actor_21/03-01-02-02-02-01-21.wav,3,1,2,1,21,2,2
data/Actor_21/03-01-02-02-02-02-21.wav,3,1,2,2,21,2,2
data/Actor_21/03-01-03-01-01-01-21.wav,3,1,1,1,21,3,1
data/Actor_21/03-01-03-01-01-02-21.wav,3,1,1,2,21,3,1
data/Actor_21/03-01-03-01-02-01-21.wav,3,1,2,1,21,3,1
data/Actor_21/03-01-03-01-02-02-21.wav,3,1,2,2,21,3,1
data/Actor_21/03-01-03-02-01-01-21.wav,3,1,1,1,21,3,2
data/Actor_21/03-01-03-02-01-02-21.wav,3,1,1,2,21,3,2
data/Actor_21/03-01-03-02-02-01-21.wav,3,1,2,1,21,3,2
data/Actor_21/03-01-03-02-02-02-21.wav,3,1,2,2,21,3,2
data/Actor_21/03-01-04-01-01-01-21.wav,3,1,1,1,21,4,1
data/Actor_21/03-01-04-01-01-02-21.wav,3,1,1,2,21,4,1
data/Actor_21/03-01-04-01-02-01-21.wav,3,1,2,1,21,4,1
data/Actor_21/03-01-04-01-02-02-21.wav,3,1,2,2,21,4,1
data/Actor_21/03-01-04-02-01-01-21.wav,3,1,1,1,21,4,2
data/Actor_21/03-01-04-02-01-02-21.wav,3,1,1,2,21,4,2
data/Actor_21/03-01-04-02-02-01-21.wav,3,1,2,1,21,4,2
data/Actor_21/03-01-04-02-02-02-21.wav,3,1,2,2,21,4,2
data/Actor_21/03-01-05-01-01-01-21.wav,3,1,1,1,21,5,1
data/Actor_21/03-01-05-01-01-02-21.wav,3,1,1,2,21,5,1
data/Actor_21/03-01-05-01-02-01-21.wav,3,1,2,1,21,5,1
data/Actor_21/03-01-05-01-02-02-21.wav,3,1,2,2,21,5,1
data/Actor_21/03-01-05-02-01-01-21.wav,3,1,1,1,21,5,2
data/Actor_21/03-01-05-02-01-02-21.wav,3,1,1,2,21,5,2
